id,pref,assembly,meeting,speaker,masked,target,class,stance
sample-00001,愛知県,東郷町,平成19年第１回定例会（５号）　本文,６番（門原武志君）,議長のお許しがありましたので、議案第６号東郷町職員の勤務時間、休暇等に関する条例の一部改正への修正案について、[STANCE]の立場から討論いたします。議案第６号の原案第８条関係については、育児を行う職員の早出、遅出勤務の対象を、これまでの小学校就学前の子のある職員から、小学校に就学している子で、東郷町で言えば児童館の放課後児童対策の対象となっている子を迎えにいく職員まで拡大したことは、近年の放課後児童対策への需要の高まりに応じた改正であり、[STANCE]です。しかし、この原案の前半、第７条を削除することについては、先ほど修正案の提案者からの説明にあったとおり、職員の昼間の休みの時間を15分も縮めることになってしまい、[STANCE]できません。職員にとって、昼間の休みの時間は、午後からの勤務に備え英気を養う貴重な時間であり、それを縮めることは職員の能率的な労働を確保するという観点からも避けるべきであります。また、午後からの始業までに職員は食事を済ませなければなりません。飲食店での食事に余裕がなくなる心配があります。まして、家に帰ってから食事を準備する職員、こういった職員が東郷町には多いと聞いておりますけれども、こういった職員にとっては、15分の昼休みの短縮は大きな負担になるおそれがあります。このような観点から、東郷町職員の勤務時間、休暇等に関する条例第７条は削除すべきではない、現在のまま残すべきであるといった点から、私は修正案に[STANCE]するものです。皆様方の賛同をお願いするものです。,議案第６号の原案第８条関係,議案,賛成
sample-00002,愛知県,東郷町,平成19年第１回定例会（５号）　本文,５番（中川雅夫君）,議長のお許しを得ましたので、議案第12号東郷町総合体育館の設置及び管理に関する条例の一部改正について、[STANCE]の立場から討論をいたします。[STANCE]の理由は３点であります。まず、第１の理由は、監査委員の指摘はどういうものだったのか。本当に監査委員の指摘をまじめに受けとめる、そういう姿勢があるのだろうかということに対する疑問であります。監査委員の指摘は、私人に公金を扱わせるべきでないと指摘したことでありました。これに対して、従来の業務形態を反省して改めるということにはならず、逆に法律や制度の抜け道を探っているだけ、そういう印象がうかがえるのであります。その結果が、今まで雑入として扱ってきた受講料、参加費をすべて手数料ととらえ直す、まるででたらめではありませんか。監査委員の指摘を受けて間違いを改めるまじめな姿勢を期待したいものであります。理由の２番目は、受講料、参加費等の雑入を手数料だとする、そういうことを押し通すために、手数料決定の仕組みを底抜けのざる条例に変えようとしていることであります。東郷町では、手数料はその金額まで条例で決定すること、これが原則になっております。受講料、参加費等を条例で決定することは困難だからといって、手数料を条例で決めるという原則をないがしろにし、あらかじめ教育委員会にその決定をゆだねる、こういう条例の構造はやはりおかしいと言わざるを得ません。理由の３点目は、法律や条例の正しい運用について質問がされたことに対し、どこどこでもやっているから認められるという答弁しかなかったことであります。間違った例は、どれほど数を挙げても正しい運用の例にはなりません。本当に議論をするならば、法律についてのきちんとした見解をもう少し聞きたかったと思うものであります。以上、理由を３点挙げて、この議案に対する[STANCE]の討論としたいと思います。,議案第12号東郷町総合体育館の設置及び管理に関する条例の一部改正,議案,反対
sample-00003,愛知県,東郷町,平成19年第１回定例会（５号）　本文,５番（中川雅夫君）,議長のお許しを得ましたので、東郷町一般会計予算について、[STANCE]の立場から討論いたします。[STANCE]の理由は、審議の経過の中で出てきました２点のみを挙げております。その前に、前段のところがありますが、[STANCE]討論と間違えないようにして聞いていただきたいと思います。福祉に回す余裕はないとか、あるいは新規事業はできないなどとおっしゃる議員も一部にはいらっしゃいました。提案された予算は、数多くの新規事業を盛り込んでいるものであります。公共下水道事業や白土のまちづくり事業など、前任の町長から引き継がれた事業で、比較的大きな予算を伴う建設事業にも支障がないよう予算がついております。町長は、来年度予算は実質上の拡大予算であり、新規事業も盛り込んで積極型の予算を組んだと答弁されました。また、町長は、この積極型予算を編成するために、臨時財政対策債を満額となる４億円発行すると答弁されました。そして、この予算編成の結果が、夕張のようになるとは全く考えていないと答弁し、積極型予算編成に対する自信を強調されました。確かに、町長選挙で掲げたマニフェストについての実施成績は余り芳しくありません。しかし、それにも増して緊急性の高い事業があると判断したときに、マニフェストにこだわらずにそちらの事業を取り上げた判断は、それはそれで評価されてよいものだろうと思います。私たちが特に注目するのは、何を置いてもと要望してまいりました学校や保育園の耐震対策であります。耐震工事が順調に進んでいること、とりわけ保育園の耐震化工事が来年度にはすべて完了することなど、特筆すべきであると思います。定率減税の廃止は、町の収入増にはならないけれども、住民にとっては大増税です。町長は、この定率減税の廃止についても、他の制度の負担増に連動することを極力抑えていきたいと答弁されましたが、この政治姿勢を堅持していただきたいと切にお願いしたいと思います。ところが、同じ町長が、国民健康保険特別会計に対しては、全く別の顔を向けているようであります。一般会計から国保特別会計に繰り入れられる医療費等繰入金が１億円ということは、２年連続で国保税の引き上げが行われたときの答弁に示された金額であります。国民健康保険が国民が入ることのできる最後の保険であることを考慮して、１億円の繰り入れが決められ、この繰入金で足りない分を増税で賄うということであったはずであります。その後、過度の増税によって国保特別会計が黒字になり、基金が積まれました。この基金を上げすぎた国保税の減税に回すのは当然ではありませんか。基金の存在を理由にして、医療費等繰入金を４割も、4000万円も削減するなどもってのほかであります。第２点目は、健康審査の有料化が受診率の向上にとって大きな足かせになっていることは、町長自身もお認めになっていることであります。それにもかかわらず何もしない。これでいいのでしょうか。この２つの点を挙げて、私たちの[STANCE]の理由にしたいと思います。特に、国民健康保険における大きな財源のプラスとマイナス、これは住民にとって、そして負担増に苦しむ住民にとっての大問題であります。町長の基本姿勢に照らして猛省を促したい、そういう意味でも[STANCE]をさせていただきます。よろしくお願いいたします。,議案第27号,議案,反対
sample-00004,愛知県,東郷町,平成19年第１回定例会（５号）　本文,１番（伊井和美君）,議長のお許しを得ましたので、私は議案第27号平成19年度東郷町一般会計予算について、[STANCE]の立場から討論をし、議員諸兄の賛同を得たいと思います。昨年の町長選挙において、数々の公約を掲げられ当選をされた川瀬町長は、就任以来その職務を精力的に、また真摯に遂行してこられ、私はその姿に深く敬意を表する次第であります。さて、議員の皆様からは平成19年度一般会計当初予算案には、川瀬町長が選挙で公約された施策が余り盛り込まれていないと言われております。私は、川瀬町長が選挙で公約されたことにつきましては、関係する部や課との調整や財政面など、あまたの検討を重ねられ、いろいろなギャップに苦しみながらもその実現に向けて努力されてきたと感じているのは私だけではないと思います。平成19年度の一般会計当初予算案については、折り返し点を過ぎ、仕上げの段階に入っている第４次総合計画との整合性を図ることも要求されております。このような状況の中、町長就任時には平成19年度の当初予算編成は既に動き出しており、平成18年度の事業を継続しつつ、かつどうしたら公約を盛り込むことができるのか、町長が御自分の考えで推し進めたものではなく、非常に苦慮された跡が感じられる平成19年度の当初予算案であり、よくまとめ上げられたと関心している次第であります。確かに、川瀬町長が公約された施策で具体的に平成19年度一般会計予算当初予算案に盛り込まれたもので目につくものは、いこまい館の見直し費用や不妊治療費の助成、文化遺産である旧貴賓室の保存対策などかもしれません。しかし、たんぽぽ作業所利用世帯への福祉給付金や、青色回転灯を装備した防犯パトロールカーの配備、保育園、小中学校施設の耐震化など福祉政策、安心、安全のまちづくりに関連する施策などは幅広く平成19年度一般会計予算案に盛り込まれております。さらに、町長公用車の廃止やＩＳＯ14001の認証中止、あやめ園の見直しは既に実行に移され、この平成19年度一般会計当初予算案に反映されております。一足飛びではありませんが、着実に進められている姿勢は、とても好ましいものと私はとらえております。これは、要望ではありますが、今後は事業の見直し、スクラップ・アンド・ビルドをされるときは、我々議会の議員にも情報を公開していただき、議会や住民と一緒になって考えながら進められるよう、御要望いたします。さて、平成19年度一般会計の当初予算を見ますと、その総額は97億7200万円となっており、平成18年度一般会計当初予算に比べ７億8300万円の減額となっておりますが、これは兵庫小学校及び兵庫児童館の建設終了に伴うものであります。これを考慮しますと、逆に平成18年度よりも４億円余りの増額予算となるものであります。公債費などの増加はありますが、ある意味では大型に近い予算編成であると思います。昨今の財政状況が厳しいときにあり、平成19年度当初予算の編成では、事務事業の内容を精査してむだを省き、シーリングの設定などにより経費抑制に努められておりますが、逆に実施しなければならない重要施策を着実に実施し、第４次総合計画で設定された本町の将来都市像であるひらめき、ときめき、響きあう生活創造都市の実現に向け、大きく前進するものと確信し、高く評価する次第であります。いずれの施策につきましても、複雑化、多様化する住民ニーズに的確に対応しており、これまでの本町の施策を継続、進展するものであると認め得る予算編成であります。最後になりましたが、川瀬町長は平成20年度を財政健全化元年とするべく、平成19年度をその準備年と位置づけられております。事務や事業の見直しにより、歳出の抜本的な見直しをされる決意であります。さらに、４月１日には組織機構改革を実施し、そこで設置した経営改革室により、いこまい館の見直しや指定管理者制度、ひいては東郷町施設サービス株式会社を見直すことも考えられております。先のことではありますが、平成20年度当初予算案にはその結果が反映され、公約が盛り込まれるだけでなく、徹底した行財政改革によるさらなる行財政の効率化による財政の健全化と、良質な住民サービスの提供が図られることと思います。川瀬町政には公約されたいこまい館の見直しや監査制度の充実強化など、難題が山積みされておりますが、今後における強いリーダーシップと幅広い見識による川瀬町長の手腕に期待し、平成19年度一般会計当初予算案に対する私の[STANCE]討論を終わらせていただきます。議員諸兄の絶大なる賛同をよろしくお願いいたします。ありがとうございました。,議案第27号平成19年度東郷町一般会計予算,議案,賛成
sample-00005,愛知県,東郷町,平成19年第１回定例会（５号）　本文,１５番（山口洋子君）,議案第27号一般会計、特別会計予算、予算書及び予算説明書について、[STANCE]の立場から討論いたします。住民本意とか透明性とか言われる町長の姿勢から、予算もさることながら行政は金がなければ誠意でカバーする、その姿勢が何よりも求められます。その視点で、住民との協働を今後したいのなら、行政が積極的に今住民は何を知りたがっているか、何を心配しているか、また町は今何をお知らせし、説明するべきか考え、実行していただきたいと思います。春中増築工事については、一部父兄の了解がとれないと聞こえてきます。増築しか他の方法はないと考えることのないよう、ゆめゆめ夢森の二の舞となりませんよう、お願いいたします。東郷の統計では、諸中がこの15年から18年の４年間、150名前後です。春中はこの４年間500名前後です。第７次実施計画では、生徒数の増加に伴う校舎の増築が載っています。第６次の実施計画では載っていません。特殊教室の改修工事費が20年度に行われるべく載っております。この事実をお知らせし、むだのないよう善処すべきと考えます。２つ目、黒の高級公用車はまだあります。総合的に考えれば、保険、ガソリンなど維持費はかかります。廃車の勇気はないのですか。約束はどうされるのですか。これはすぐできると思っていましたのに、とても残念です。３つ目、Ｎ議員は、言い方は悪いが町長は住民や議員にはお金がないと言いながら、自分の成果を積み上げるためにちゃっかり予算をとっているのではと指摘しています。私も感じます。優位的な政策選択は町長でもやってはいけません、第７次実施計画の水辺の保全と創出、中ノ杁排出路整備事業、生活環境を改善するための中ノ杁の排水路整備は総計に載っておりません。優先的に総計を行うべきと考えます。第６次実施計画には該当なしというふうになっています。500万円ぐらいの予算ですが、計画的にやりたいものです。話は変わりますが、町独自計画の障害者就労支援福祉給付金は、たんぽぽの皆さんには１割、他の施設の方には5000円です。同じ町民なので、こんなところで差をつけたくないと考えます。ガラス張りの政治と言いながら、新しい形のしがらみをつくっているのではと町民は言っています。予算編成の基本と思います。町政の基本的スタンスとして、公平にやっていただきたいと思います。以上です。,議案第27号平成19年度東郷町一般会計予算,議案,反対
sample-00006,愛知県,東郷町,平成19年第１回定例会（５号）　本文,２番（石川道弘君）,議長の指名をいただきましたので、私は議案第27号平成19年度東郷町一般会計予算について、[STANCE]の立場から討論いたします。川瀬町長は、昨年９月にマニフェストを掲げて町長に就任されました。10月の臨時議会の所信表明における所信に対する議員の皆さんの質疑の答弁から、私はその思い、考えを伺うことができたと思っております。このため、私は、平成19年度当初予算編成には、マニフェストを掲げ所信表明されたことが多く反映されていることを期待しておりました。しかし、その10月という時期は既に夏前から作業をしていた平成19年度の当初予算編成の根幹をなす実施計画のまとめに入っていたと聞いております。このため、結果として平成19年度当初予算に反映された川瀬町長の思いは少なくなってしまったかもしれません。それでも、予算の随所に少額ではあるかもしれないが、あらわれていると私は感じております。このように川瀬町長の思い、考えが平成19年度当初予算に反映しにくかった原因としては、川瀬町長の就任時に実施計画がほぼでき上がっていた段階の予算編成であり、やむを得ないことではないかと思っております。また、平成19年度から事業の継続性を重要と考えられたこともその一つではないかと思っております。さらに、平成16年度以降、普通交付税の不交付団体に移行しております。このことによる財源不足を補うために、臨時財政対策債を発行してまいりました。この臨時財政対策債の元利償還は全額、後年度地方交付税に算入されることになっており、本来ならば国から補填されるべき地方債でありました。しかし、東郷町が不交付団体であるため、その恩恵を受けることができなくなっておりますことも、町長の思い、考えが平成19年度当初予算に反映しにくかった原因ではないかと思っております。このような状況の中、平成19年度当初予算において、財源不足については基金からの繰り入れをふやし、逆に借金である臨時財政対策債を減らし、将来の財政負担の軽減が図られております。しかし、前年度の大型事業であった兵庫小学校、兵庫児童館の建設関連事業を除いた平成19年度当初予算は、約４億円ふえております。一見積極財政のように見えますが、公債費を見ると１億8800万円余ふえております。私は、窮余の予算であると言えるのではないでしょうか。これらを踏まえて、平成19年度の特筆すべき施策について、私なりに見てみました。平成19年度最初に来る最大のイベントは、兵庫小学校の開校と兵庫児童館の開館であります。地域の皆さんが待望されていた兵庫小学校と兵庫児童館の建設事業自体は、平成18年度で終了しましたが、その運営及び建設費用の償還には予算を適切に配分されており、円滑な運営がなされるものと安心しております。児童数の増加に対することは当たり前であるかもしれませんが、地域の皆さんの思いにこたえ、これまでの町当局に対し感謝の意を表するものであります。また、平成19年において特筆すべき本町独自の施策の展開でありますが、まず障害者の自立支援法に基づくたんぽぽ作業所の就労継続支援事業で、事業所への移行に伴う利用世帯の負担の増加に対する福祉給付金を予算計上されているばかりではなく、障害者の通所授産施設へ通所世帯の負担の増加に対する福祉給付金を予算計上し、新たな負担増に対処されております。また、低所得世帯の障害者の方の障害福祉サービスを利用する際の経済的負担を軽減するため、福祉給付金についても予算計上され、福祉の増進が図られております。また、町長の公約でありました少子化対策といたしましては、東郷町独自の不妊治療費助成制度の創設、不妊治療を要する費用を一部助成し、経済的な負担の軽減をするため予算計上されております。これらの福祉施策は、町民の皆さんにとって喜ばしいことであります。今後、町長が公約されました出産費助成制度や第３子に係る町の独自の児童手当など、町民の皆さんのために早期に実現できますよう期待するものであります。そのほか、教育に対しては情報教育の推進として、全小学校にパソコン教室のパソコンの入れかえ、春木中学の校舎の増築のための設計業務の経費計上など、よりよい教育環境の構築に配慮されております。これは評価に値するものと考えております。青少年に夢を与えるものとして、老朽化した中学生用のボートの購入を予算化されており、ボートの町東郷を推進するとともに、スポーツを通して豊かな心と感性をはぐくんでくれるものと思います。また、公共施設の耐震化においては、南部、音貝保育園の耐震補強工事、東郷念願の東郷小学校西、東校舎の耐震診断、東郷中学校北校舎の耐震補強工事の実施と計画的に推し進められており、人の命のとうとさを大切にする町長の姿勢が強くあらわれております。人の命のとうとさを大切にすると言えば、自動体外式除細動器の各小中学校や保育園、児童館さらに愛知池運動公園の設置があげられております。新聞紙上などでは、この装置により命が助かったという記事が最近たびたび目にすることになってきております。まことに心強いものを感じるものであります。以上、平成19年度一般会計当初予算における施策について、その一部ではありますが、私なりに見てまいりました。先ほど申し上げました、現在の本町を取り巻く行財政については、厳しい状況にあります。このような中で、町民の皆様にわかりやすい、開かれた町政を進めるため、行政の透明性を確保すべくさまざまな施策を展開しようとする町長の姿勢がうかがえるところであります。以上、平成19年度一般会計当初予算案について、私の感ずるところを述べさせていただきました。議員の皆さんと御賛同をいただきますようお願い申し上げて、私の[STANCE]討論といたします。ありがとうございました。,議案第27号平成19年度東郷町一般会計予算,議案,賛成
sample-00007,愛知県,東郷町,平成19年第１回定例会（５号）　本文,１０番（箕浦克巳君）,議長のお許しがありましたので、ただいま議題となっております議案第27号平成19年度東郷町一般会計予算に対して、[STANCE]の立場から討論いたします。討論する論拠は１点のみであります。本予算には、現行条例に従わない特別職である町長の給与があります。条例で定められた町長給与は86万8000円、今回の予算では30％カットしたものが計上されています。これは、条例に反する予算であります。大変大きな問題だと思います。条例の変更を伴うものは、きちんとした手順を整えた上で予算計上すべきであり、本予算はあってはならないものではないかと考えます。私たち公務に携わる者の最も優先すべきものは法律であり、連なる条例、ルールは何より優先すべきということはだれもが承知している話だと思います。今回の予算計上は、その条例に対する考え方、認識に私は危うさを感じます。政策的な考え方は優先順位を含め、賛否それぞれでしょう。しかし、条例に反することが明白な本予算には到底[STANCE]できません。このことを私の[STANCE]の論拠とし、[STANCE]討論といたします。,議案第27号平成19年度東郷町一般会計予算,議案,反対
sample-00008,愛知県,東郷町,平成19年第１回定例会（５号）　本文,２０番（梅田幹夫君）,議長のお許しをいただきましたので、[STANCE]討論させていただきます。私が[STANCE]討論するなんて、多分だれもが思っていなかっただろうと思いますけれども、私たち、この予算をずっと見させていただいて、いろいろな議論を聞かせていただいてつくづく思うのは、大半が昨年の夏まで推し進めてきた石川伸作町長の政策とほとんど変わっていないということ、そのことを私たちは全力をもって推してきたし、自信を持っていた。そういう形の中で、今これを否決するとうことは、この４年間自分たちがやってきたことを否決することだろうというふうに思います。確かにマニフェストは入っていないじゃないかと、あなたは去年の夏約束して入っていないだろう、だから[STANCE]だという議論もあります。しかしながら、マニフェストはこの４年間、町長の任期中にやるべきことであって、ことし中、なったからすぐやるべきことじゃない。時間をかけて、それぞれ皆さん方を説得してやるべきことであるわけです。確かに、私もあのマニフェストに[STANCE]の部分がたくさんあります。町長は、財源が厳しいと言われるけれども、あれを実行したらとんでもないお金がかかる可能性がある。そのことを危惧していることは事実です。そのことは新しい議員さんたちにしっかりと議論していただいて、やれるものから順番にやっていただければいい。しかしながら、今回の予算、我々は10余り町長に提案をしました。このことを入れてくれと、その中で６つほど入れていただいております。そういう形の中で、ぜひこの議案を、町長が前町長を継承しておる。そして我々の意見も聞いてくれておる、そういう形の中で[STANCE]の意思を表明するべきだというふうに私は思っております。良識ある皆さん方の判断をしていただきたい。いいまちづくりのため、確かに先ほど[STANCE]論者の中に、まだ決まっておらんものまで入っておるというおしかりがありました。これも事実であろう。[STANCE]の一つの理由であろうと思う。ただ、きょう議運の中でも、私が心配しておったのは、先に継続審査になっているやつを済ました後これに入った方がいいんじゃないかということで、先にやったらどうだという御意見をしましたけれども、こちらが先だということで入りました。非常に残念な結果になっているわけですが、私はそのことを度外視した上で、そんな重箱の隅をつつっくことをやれば、どこかの政党さんがやられる、ほじくって[STANCE]議論するではなしに、大局的な目で皆さんに見ていただきたい。そのことをくれぐれもお願いして、私は[STANCE]の立場から討論をしたいと思いますので、よろしくお願いいたします。,議案第27号平成19年度東郷町一般会計予算,議案,賛成
sample-00009,愛知県,東郷町,平成19年第１回定例会（５号）　本文,１６番（橋本洵子君）,議長のお許しをいただきましたので、[STANCE]の立場から討論させていただきます。なかなか本予算で[STANCE]することはめったに、初めてでございますので、もしかしたら皆さん変に思われるかもしれませんが、私は、川瀬町長を補佐する立場、積極的に助けていく立場で[STANCE]演説をしたいと思いますので、よろしくお願いいたします。平成19年度一般会計当初予算でありますが、総額で97億7200万円、前年対比マイナス７億8300万円でありますが、率にして7.4％減と、見かけは緊縮型の予算となっております。その主な要因は、12億円以上に上る兵庫小学校、兵庫児童館の建設が終わったことにあります。このことを勘案しますと、必ずしも緊縮型の予算ではないと私は思っております。そしてまた、目いっぱい臨時財政対策債を４億円も借りております。兵庫小学校の建設など、本年度で終了する事業も多々あるかと思いますが、施策の方針の変更により終了させた事業は見受けられないように思われます。先ほど、梅田議員からも言われましたように、石川町政からからりと90度変わるというような施策面はとっていないと、私は思っております。限られた歳入を有効かつ効率的に町民にとって必要な事業に重点的に配分されたことは、新規事業だけでなく、本年度から継続する事業を見ても明らかであります。まず１つは福祉施策であります。先ほどから多くの方がおっしゃいましたが、たんぽぽ作業者などの利用者の１割負担に対する福祉給付金については、いろいろとたんぽぽ作業所に現在通所している保護者の方から感謝の言葉が入っていますが、これに対してやはりいろいろな批判もございます。国の施策の１割負担をなかなか住民に公平にということには、大変難しい問題もありますし、多くの金額がかかります。まず、この小さなたんぽぽ作業所から始めたということに、私は敬意を表しております。また、マニフェストの不妊治療費の助成に対して、およそ300万円の予算が計上されて、ただ１つのマニフェストの実現だと思っております。国の税制改革による定率減税廃止による保育料の値上げも、かなり考慮されて、反映されないようにという予算組みになっていると思います。また、新生児家庭訪問として、対象家庭を拡大して、新生児の発育状況の把握や育児不安の解消などの子育て支援に対して、今までは第１子のみの訪問でございましたが、第２子、第３子も含めた予算が計上されております。それと、男女共同参画事業の印刷製本費が今年度は200万円上がっております。いつもこういう計画というのは、計上されて印刷され、それを配本したら終わりというような形になっておりますが、今後はその内容を実現させていくように、ここでは要望いたしておきたいと思います。次に、健康づくりの事業であります。生活習慣病予防のための食生活改善推進協議会への支援や、健康づくりパートナーの養成など、さまざまな施策に予算を計上されており、私は町民の皆さんの福祉や健康に特段の配慮がなされていると感じております。次に、安心、安全なまちづくりや防災対策であります。保育園や学校施設における耐震化については、計画的かつ迅速に対応されており、耐震補強工事や耐震診断にはおよそ6000万円の予算が計上されております。これにより保育園施設はすべて耐震化が完了することになり、川瀬町長の安心、安全のまちづくりの一つだと私は思っております。次に、また民間木造住宅耐震工事費の補助件数の拡大や、町の耐震改修促進計画の策定に1500万円余りを予算に計上されており、本町における住宅の耐震化の促進が期待されております。さらに、白土地区での耐震性防火水槽の設置、諸輪吉田橋の耐震化工事の実施などが入っております。また、先ほども申されましたＡＥＤを25台増設し、各公共施設に設置するための費用として200万円余りが予算を計上されており、本年度に設置された６台と合わせて31台の設置は、近隣にない配置状況となり、まことに心強い限りだと思います。今後とも、住民の皆様とともに、操作の訓練なども行っていって、いつでも使えるような状況にしていく必要があると思います。次に、地区住環境の整備であります。傍示本中ノ杁地区の排水改善計画、白土涼松地区まちづくり事業の推進、都市公園の整備、和合牛廻間地区計画道路の整備に総額２億5000万円ほどの予算を計上されるなど、着実に事業を進められており、これは町民の皆さんの立場に立ち、身近な住環境整備に重点的に予算を配分されていると感じております。また、次に教育施策でありますが、春木中学校の校舎増築であります。校舎増築のための設計費用を今年度は800万円ほど計上されており、来年度には校舎の増築工事に入ると思います。生徒の増加を見越しての計画と感じております。また、ここで一つ要望を申し上げておりますが、川瀬町長も御存知のことと思いますが、小中学校の施設はかなり老朽化が進んでおります。今後は教育施設の改修も計画的に進めていただき、さらに安全で快適な環境で教育が受けられるよう、御尽力をお願いいたしたいと思っております。これは保育園施設においても同じであると私は考えております。新しい学校と今までにある学校や保育園との格差はひどいものであります。ある程度施設のバランスというものをとっていかれるように、よろしくお願いいたしたいと思います。最後に、スポーツ、レクリエーションまた文化財保護であります。ボートの購入、兵庫小学校におけるプール開放、総合体育館における武道場の畳の入れかえ、トレーニングジム機器の入れかえなども、多額の予算を計上し、今まで町民の皆さんの要望はあったもののなかなか実現できなかった施策を積極的に展開し、スポーツ、レクリエーション環境の整備にも力を入れています。また、町民の財産とも言える文化財の保護につきましても、和合ゴルフクラブから寄贈していただきました旧貴賓室の耐震化工事を施すための予算が計上されております。いずれ、住民の憩いの場となることを願っております。そして、東郷100年の歴史を守ろうと強い決意のあらわれであると思います。最後に、私の要望を一つ入れさせていただきたいと思います。当初より、いこまい館建設に[STANCE]を唱えてきた議員の１人であります。イーストプラザ事業費の中の委託料は昨年とほぼ同額、１億4500万円になっております。これは光熱水費も含まれております。私は、今まで常にこのいこまい館の抜本的見直しを唱えてまいりました。私としては、甚だこの委託料の金額は不本意ではございますが、４月より町長が町の組織機構改革として、経営改革室を設け、いこまい館の抜本的見直しを取り組んでくださることを評価いたし、今後の動向を注目していきたいと思っております。早急にこの抜本的見直しの結論を出すのではなく、住民の大半が納得のできる見直し案に時間をかけて取り組んでほしいと要望いたしておきます。今後とも、町民の皆さんに喜ばれるまちづくりを進めていただくことをお願いし、平成19年度一般会計当初予算案に対する私の[STANCE]討論とさせていただきます。どうか、よろしく皆さんの御協力をお願いいたします。,議案第27号平成19年度東郷町一般会計予算,議案,賛成
sample-00010,愛知県,東郷町,平成19年第１回定例会（５号）　本文,５番（中川雅夫君）,議長のお許しを得ましたので、私は国民健康保険特別会計予算について、[STANCE]の立場から討論をいたします。２年連続の値上げによって高すぎる国保税になっていること、この現状をしっかりととらえる必要があると思います。愛知県下で63の自治体がありますが、国保税の高さの順位が平成16年度に11位まで上がり、平成17年度にはとうとう第２位まで飛び上がりました。順位の高い自治体が軒並みに減税傾向にあるのに、ひとり東郷町のみが増税を行った結果であります。私自身は、平成18年度の資料は持っておりませんでしたが、役場に聞きましたら18年度第３位のままだそうであります。国保税が高いという声が広がっているのに、減税措置などの整備が全く進んでいないこと。これが私が今の国保税の運営のあり方、予算のあり方としてどうしても納得できない理由の一番であります。２番目は、先ほど一般会計の議案で述べたように、医療費繰入金を4000万円削減したことであります。以上、２つの理由をもって、私は[STANCE]の理由としたいと思います。,議案第28号,議案,反対
sample-00011,愛知県,東郷町,平成19年第１回定例会（５号）　本文,５番（中川雅夫君）,議長のお許しを得ましたので、議案第31号介護保険特別会計予算について、[STANCE]の立場から討論します。この介護保険の保険料も高すぎると思います。第３期に入りました介護保険料、東郷町基準額が4407円であります。これは愛知県下で63自治体の中で第５位、これも高すぎる保険料の一つの例であると私は思います。介護保険料は、介護保険の事業量の大小によって定まるとされていますが、介護保険会計の借入金の返済分、これまで全額次の期の保険料の算定に見込む必要があったのか。これについては、去年から議論をしてきたところでありますが、今それが全部入っております。介護保険料が高いという声が広がっているのに、来年の予算の中では減免措置など整備が全く進まなかったことが残念であります。以上をもって、予算に対する[STANCE]の理由といたします。,議案第31号介護保険特別会計予算,議案,反対
sample-00012,愛知県,東郷町,平成19年第１回定例会（５号）　本文,６番（門原武志君）,議長のお許しがありましたので、ただいま議題になっております議案第32号平成19年度東郷町下水道事業特別会計予算について[STANCE]の立場から討論いたします。これはいつも言っておるとおりのことでありますけれども、改めて述べさせていただきます。[STANCE]の理由は、公共下水道受益者負担金であります。公共下水道が供用されている都市計画区域では、固定資産税に対し都市基盤整備のための目的税である都市計画税が賦課されています。当然、都市基盤整備のために必要な事業である公共下水道事業の財源でもあります。このように、下水道整備のために同じ土地に対し公共下水道受益者負担金と都市計画税の両方が賦課されるのは二重の負担であり、容認できません。また、一般に受益者負担金とは、ある特定の利益を受けるものに対して賦課されるものであり、都市計画区域内においてだれもが享受すべきサービスである公共下水道事業に対し賦課すべきものではありません。以上をもちまして、[STANCE]討論といたします。,議案第32号平成19年度東郷町下水道事業特別会計予算,議案,反対
sample-00013,愛知県,東郷町,平成19年第１回定例会（５号）　本文,１０番（箕浦克巳君）,議長のお許しがありましたもので、議題となっております議案第63号に[STANCE]の立場から討論を行います。趣旨は、先ほど[STANCE]された論者とほぼ似ておりますものでやりにくいんでありますが、私の思いの中で[STANCE]討論を行いたいと思います。まず、討論の冒頭に、町民の中には一部議員が川瀬町長のマニフェストを実現させたくないために、条例に[STANCE]しておるというような言葉を耳にします。この声には誤解があることを指摘しておきたいと思います。マニフェストに書かれた町長の思いは、町長給与30％カットの表現であります。本条例は、川瀬町長個人の給与30％カットであること。両者は似て非なるもので、全く別物であります。町民の多くは、前者つまり町長給与職、今後の30％カットを思い描いているのではないでしょうか。そうであれば、本条例に対する論点が全く違ってきます。町民にきちんと誤解を与えないような説明責任は一体だれにあるのでしょうか。さて、この条例は、川瀬町長が御自分の給与のみを30％減額して、本町の財政難を助けようとして提出されたものであります。このことはいかなる言葉を用いても、本質的には政治家の寄附行為に該当するおそれがあるように考えられます。仮に、本条例なくして引き下げの30％相当額を、本町の会計にお入れになれば、政治家の寄附行為として公職選挙法に明らかに違反します。このことから、法違反に該当するような条例を議会の審査を通して可決し、容認せよという異例な条例とは言えませんですか。町長の御都合で議会を巻き添えにしないでいただきたい。いかに地方自治体が条例主義なので、自治体独自の判断で特例条例が制定できるとはいえ、とても賛同できるものではありません。言うまでもなく政治家は、候補者や候補者になろうとする者、また公職にある者は、選挙区内の人にお金や物を贈ることは違法行為として罰せられます。処罰されますと公民権停止となります。このように政治家の寄附は厳しく禁止されております。議員諸兄、冷静に本条例の本質がいかに法的にきわどいものか見きわめようではありませんか。また、町長は、町長の給与が現行の月額86万8000円を妥当なものだと考え、減額を報酬審議会に諮問されませんでした。しからば、粛々と受けとった上で、30％に相当する分は、川瀬町長が以前、期末手当の増額分をプールしているとおっしゃった預金口座にお入れになったらよいのではないですか。特例条例をつくらなくても、思いは達せられるものではないでしょうか。町長は提案の趣旨を幾つか述べました。１つは30％を早急に財源に充てたいであったと思いますが、それほど本町の財政が緊急事態なのでしょうか。また、わかりやすい形でカットを実行したい、このようにもおっしゃいました。そのために条例化したとの説明も理解できません。先ほどの預金口座にお入れになって、時折通帳のコピーを広報すれば、町民にもわかりにくいとは思いません。したがって、30％カットの思いは何も特別条例をつくらなくても実現できる話です。条例を提案するとしても、なぜ報酬審議会に諮問しないのか。私にはしないことが納得できません。町長は、町民の先頭に立って、順法精神を率先垂範する立場にあります。紛らわしい財政貢献でなく、堂々と特別職の給与等は報酬審議会に諮問していただきたいと考えます。本条例は、他の特別職とのバランス、整合性を無視したもので、報酬審議会をないがしろにするものです。もし、このような条例が通れば、今後の特別職を初めとする職員の給与全般に影響がないかと危惧されます。議員諸兄の御賛同をお願いして、私の[STANCE]討論を終わります。,議案第63号町長の給与の特例に関する条例の制定,議案,反対
sample-00014,愛知県,東郷町,平成19年第１回定例会（５号）　本文,１６番（橋本洵子君）,議長のお許しがありましたので、[STANCE]の立場で討論いたしたいと思います。東郷町の財政が今とても厳しいということは、住民の大半が知るところだと思っております。近隣市町に比べ、借金の多さをみんなが知っているからです。先ほどから、条例違反とのことで、何人かの方が言っておられますが、私は条例にも法律にも違反していないと思い、それは確認いたしております。全国の多くの首長がこのような特例条例によってみずからの給与カットを実行しておりますし、津島市長は50％カットを行っております。報酬審議会に諮るようにとのことですが、給与カットは町長の施策であります。そしてこれは審議会で決めるものではありません。特別職や議員に及ぼすことのないようにとの配慮で特例条例にしたので、これは私は審議会にかける必要性はないと思っております。また、以前から、中川議員とはっきり言わせていただきますが、御自分の通信によって寄附になると言っておりますが、特定の場、物にしようと決めていなければ該当しないとの確認もとっております。これを理由にはなりません。多くの首長が選挙公約として給与カットを掲げて選挙を戦っておりますが、これも以前から行われていることで、公選法違反にはならないとのことです。まだ、このことで裁判になった例はないということでもあります。ですから、私はこれは30％カットで、積み立てて使って後で町に寄附するという形ではなく、実際の施策として使える金額ではないかと思っております。以上をもちまして[STANCE]討論といたします。,議案第63号町長の給与の特例に関する条例の制定,議案,賛成
sample-00015,愛知県,東郷町,平成19年第２回定例会（５号）　本文,３番（井俣憲治君）,議長のお許しをいただきましたので、議案第48号町長の給与の特例に関する条例の制定について、[STANCE]の立場から討論いたします。この条例につきましては、12月議会、３月議会におきましても、議員諸氏により真摯な論議がされてまいりました。その中で、町長の任期中に限りみずからの給与を減額するもので、他の特別職の報酬並びに職員の給料を減額する考えがないこと。また、先進事例では、特別職等報酬審議会に諮っていないことを町長は明言しております。東郷町特別職報酬等審議会条例におきましても、当該審議会に諮らなければならないという義務規定はないにもかかわらず、町長は広く真意を問うということで、このたび公共団体や住民代表で構成される特別職報酬等審議会に諮問されました。審議会におかれましては、町長みずからの判断と責任において実施することであり、審議会として特段申し上げることはないとの答申であったと聞いております。一部に、町長給与30％カットは、町長のパフォーマンスではないかとの意見がありますが、町長は町長給与30％カット等で節減した予算は、不妊治療を初めとする諸施策に充てると明言されており、私はこれに当たらないと存じます。どうか議員諸氏の賢明なる御判断によりまして[STANCE]賜りますようお願いいたします。ありがとうございました。,議案第48号町長の給与の特例に関する条例の制定,議案,賛成
sample-00016,愛知県,東郷町,平成19年第２回定例会（５号）　本文,１７番（山口洋子君）,私は、町長の給与の特例に関する条例の制定について、[STANCE]の立場から申し上げます。町長は、取り消されたとはいえ、痛みを負うと言っておられます。しかし、本当に痛みがあるなら、みんなで負おうではありませんか。なぜ言われないんですか。あるところでは言われたそうではありませんか。みんなで負おう、みんなで分かち合おう。今、正さんもおっしゃいましたけれども、町長お一人の力では本当に小さいものだと私は思います。そして、みんなで負うことによる、その力が、それでこそ、どこで幾ら足りなくて、だれがどうしなければならないか見えてくるというものだと思います。本当に町のために必要で政策にするなら、１人の力でなく、多くの協力を得て、協力を進めるために、みんなに提案をされるべきです。他の事業も政策も１人では何もできません。第一歩を踏み出す、大事なことです。町長１人に踏み出させることなく、みんなでやろうではありませんか。それがある人々にはパフォーマンスともとれます。以上の意味で[STANCE]といたします。,議案第48号町長の給与の特例に関する条例の制定,議案,反対
sample-00017,愛知県,東郷町,平成19年第２回定例会（５号）　本文,１番（山田達郎君）,議長のお許しが出ましたので、[STANCE]の立場で討論させていただきます。先ほどからパフォーマンスと出ていますが、東京では無報酬で、水川議員も言われましたが、どんどん無報酬になるとか。無報酬で出ても、町民はこの情報社会の中で物すごい知識を持っております、インターネット等。無報酬だから当選する、パフォーマンスだから当選する、これは違うと思います。町長の30％カットの施策ですが、ごく一部の施策であり、まだほかにもいろいろありますけれども、私は最近どこを歩いていても、町民の皆様に、「東郷町の借金大丈夫なの」、「東郷町大丈夫ですか」と、そういう町民の皆様の心配や不安、本当に多くの人が関心を持っているように思えます。町長の30％問題は、この東郷町の財政難の問題に対して、町長が真剣に取り組んでいくという意思のあらわれと思います。町民の代表の議員の皆様、町民の代弁者として、ここにいる議員の皆様の御理解をよろしくお願いします。,議案第48号町長の給与の特例に関する条例の制定,議案,賛成
sample-00018,愛知県,東郷町,平成19年第３回定例会（５号）　本文,１３番（中川雅夫君）,議長のお許しを得ましたので、私は、18年度一般会計決算、[STANCE]の立場から討論をいたします。まず最初に、小泉改革による定率減税の半減や高齢者控除の廃止などによって、町民の負担が格段に増大した決算になりました。町民税増税の影響額は、当初１億5915万円と予想されていましたが、実績では３億408万円の増収。このうち個人住民税の増収分が85％、２億5756万円を占めました。これらの増税が65歳以上の介護保険料の負担増にも連動しています。私たちは、負担増で住民生活が困難さを増している、こんなときこそ住民の痛みを緩和するために予算を回すべきだと訴え、せめて増税分は国民健康保険税の減税や介護保険料の負担軽減に使うように訴えましたが、前の町長、石川町長も現川瀬町長も減税をかたくなに拒否されたのであります。前石川町長は、国民健康保険税を２年連続で大幅に引き上げ、非常に高い国保税にしてしまいました。その一方で特別会計に繰り入れる医療費等繰入金を絞って、１億円という枠をつくられました。今こそ減税をと求める私たちの訴えは、拒否されました。そして川瀬町長にかわって、川瀬町長の所信表明では、高齢者負担増に対する評価は全くありませんでした。高い国保税によって特別会計が黒字になったことを理由にして、私たちが国保税の減税を質問したときにも、それだけの積立金が必要だったかもしれないと、前町長の国保税増税路線に無批判に追随する姿勢を示されました。その後、川瀬町長が新年度─19年度です─19年度予算で国保税の減税ではなく、医療費等繰入金を１億円からさらに6000万円まで減額させたことを私たちは怒りを込めて批判いたしました。新年度予算は今回の決算には入らないことは承知していますが、18年度における川瀬町長の当時の政治姿勢を鮮やかに示す事件として紹介させていただきます。平成18年度の２人の町長は、そろって減税を拒否しました。こうして国民健康保険税が県下第３位、介護保険料が県下第５位という耐えがたい高負担構造がつくりだされたのであります。住民負担がますますふえていくそのときに、町は全く何もしなかった。これが本決算を適切であったと認定できない最大の理由であります。次に、個別の問題ですが、歳入で都市計画税の問題があります。歴代町長は、都市計画税を重要な財源と位置づけ、減税はないと言い切ってきました。しかし、この判断は間違っていると思います。東郷町の都市計画税は、市街化区域を線引きした時点から既に矛盾に満ちています。受益者負担の原則と言われますが、市街化区域の線引きで受益者でもないのに課税されるという、あるいは受益者なのに課税されないというようなことが東郷町ではあふれています。東郷町の市街化区域の線引きは、その最初において失敗だったと思います。線引きのときに都市計画や区画整理の計画もないまま市街化区域を設定したので、約30年にわたって東郷町の旧来の住宅地は、何の恩恵も受けることなく都市計画税を払わされ続けてきました。また、新興住宅地でも区画整理を理由にして30％の建ぺい率、50％の容積率という厳しい建築規制に縛られて、家の建てかえもままならないと困っているのに、いつまで待っても区画整理が始まらない。そして、ようやく最近になって区画整理に近いまちづくりが進められつつありますが、その間も都市計画税はずっと取られ続けてきました。これらはすべて、都市計画法が定義する「おおむね10年以内に優先的かつ計画的に市街化を図るべき区域」では到底あり得ません。その[STANCE]に、東郷町において高層マンションは市街化調整区域に次々に建てられる状況です。これはおかしい。これらの土地は、今でも都市計画税はかかっていません。市街化区域よりは調整区域の方が建築規制が緩いなどという話は、愛知県以外の県では余り聞かれないと言います。これは、愛知県の特殊事情です。愛知県の土地行政がでたらめだという証明にほかなりません。課税の根拠が愛知県行政自身の手によって全くゆがめられているとき、税を取り続ける根拠はありません。この税を取り続けることは間違いであります。３番目に、いこまい館について、町長の政治姿勢を問題にしたいと思います。いこまい館は、16年度から供用開始となっています。そして、東郷町の財政問題を語るときの焦点になっています。18年度において、いこまい館の見直しが問題になり、町長選挙の争点となって、町長交代という大きな出来事のきっかけになりました。政治的決着はこれによってついたのであります。しかし、この施設の維持管理のために、ずっと１億5000万円前後という経費を投入し続けるかどうか、この是非についていまだに決着がついていません。なぜか。それは、町長がいこまい館の見直し問題にそういった根本問題まで含めてしまって、18年度はとうとう手つかずにしてしまったからであります。現在もアンケートの集約を待ってということになります。18年12月の議会で川瀬町長は、選挙で公約した住民サービス項目を来年度予算計上できないと表明して大きな議論になりました。それほど財政危機を強調しておられた町長であります。しかし、そのときでもいこまい館の維持管理費は触れられなかった。18年度決算としては、この問題の棚上げはやはり批判されるべきでないかと思います。もう少し個別の問題に移ります。少人数学級。学校教育の基本は、学級の少人数化を図ることにあると、そしてどのような政策にも優先して学級の少人数化を図るべきだと考えます。町長公約にもこの問題は掲げられました。しかし、現実は東郷町の学校教育は、公約にもかかわらず、少人数学級については県の事業に乗っかるだけという姿勢が依然として続いています。この消極的な態度では、子供にとってのよい教育環境をという親の願いに背を向けるものではありませんか。最後に、国民保護計画についてに移ります。東郷町にとって全く現実離れした状況想定が行われ、あらゆる反論を無視しました。荒唐無稽な計画をマニュアルどおりにつくりました。決算項目のどこを探しても名前も出てこないような出費であります。しかし、国の命令で防災対策本部に取ってかわるほど権限を持った計画です。このような住民無視の計画は、絶対つくるべきではなかったと思います。以上をもって、[STANCE]の立場からの討論といたします。,議案第56号平成18年度東郷町一般会計歳入歳出決算認定,議案,反対
sample-00019,愛知県,東郷町,平成19年第３回定例会（５号）　本文,１０番（石川道弘君）,議長のお許しを得ましたので、今議題になっています議案第56号平成18年度東郷町一般会計歳入歳出決算認定について、[STANCE]の立場から討論し、議員の皆さんの賛同をいただきたいと思っています。平成18年度は、北海道夕張市の財政破綻、夕張ショックに端を発し、ことしの６月には地方自治体の財政破綻を早期に食いとめるための財政健全化法が成立するなど、地方自治体を取り巻く財政のあり方が大きく変わりつつあります。一般会計や特別会計といった会計単位ではなく、すべての会計を含めた一市町村単位で見ると、全国のかなりの数の市町村が赤字であるという報道がありました。また、財政状況の悪化については、行政の責任だけでなく、議会を初めとした住民の監視機能まで強く問われる時代であります。本町におけるここ数年の決算状況や財政指標を見てみますと、幸いにも危機的状況までなっておりませんが、常に気を引き締めていかなければならないと思っております。それには、職員一人一人のコスト意識やリスク感覚がなければ、財政健全化、さらに地方自治、分権における自主自立した自治体運営が行われない状況には変わりありません。今後は、自立した町となるべく、我々議会と行政、さらに住民が協力し合い、一体となった自治体運営にかかわっていくことが必要であると強く思うところであります。さて、平成18年度は町長選挙が執行され、前町長から川瀬町長に町政がバトンタッチされた年でもありました。川瀬町長は、年度半ばから町長として前町長が編成された予算をもとに、決められたレールではありましたが、町政を着実に実行し、兵庫小学校の開校、兵庫児童館の開設など、町民の皆様から求められた各種の施策を滞ることなく実現されました。平成18年度の歳入歳出決算状況は、このような意味からも意義深い決算で、内容を高く評価するとともに、このような行政運営を進められた町長初め町当局に対し、改めて敬意を表する次第であります。それでは、平成18年度の主な決算の結果について私なりに見てみますと、平成18年度の歳入決算の総額は、兵庫小学校、兵庫児童館の建設事業に伴い、平成17年度に比べ10億以上増額しました。まず、歳入についてでございますが、総額107億1278万5000円であり、平成17年度の決算と比較しますと、11億1149万6000円、11.6％の増収となっております。まず、町税については総額59億4314万2000円であり、平成17年度に比べ２億5328万6000円、4.5％の増収になっております。国が進めてきました三位一体の改革や制度改正、また景気の好転により、個人町民税や法人町民税が順調に増加した結果だと推測しております。今、この地域は全国から見て元気な愛知と言われ、その恩恵を受けられたことは大変喜ばしいことであると思っておるわけでございます。また、収納率も平成17年度の決算に比べ、町税全体の現年度分で0.4％増収につながっております。町税は、本町の収入の６割前後を占める貴重な財源です。課税した以上、確実に収納を進めることが大切でありますので、今後においても安定した財源確保に向けて、なお一層の努力をお願いしたいものでございます。地方譲与税については、国の三位一体改革により、平成16年度創設された所得譲与税が、平成17年度に比較し１億645万3000円増の２億3613万7000円交付されました。総額は３億6916万8000円となっていますが、ただ所得譲与税は平成16年度から18年度までの３年間の措置でありますので、平成19年度の当初には計上されていないことは皆さんも御承知のことと思います。一方、地方交付税については、特別交付税のみの9116万8000円交付されました。最も多かった平成11年度に比べますと、10億5000万円以上の減額になっております。また、平成18年度は兵庫小学校の建設に伴い、国庫補助金及び町債が大きく増加していることも特徴の一つだと思っています。次に、歳出についてですが、総額103億1243万4000円であり、平成17年度の決算と比較すると10億7260万1000円、11.6％の増額となっております。まず、総務費についてでございますが、平成18年度は東郷生誕100周年に当たり、さまざまな記念事業が実施されたことは記憶に新しいところです。東郷町を築いてきた先人たちの努力に感謝するとともに、未来に向けた新しいスタートとして、次の100年につなげていく機運が高まったと感じています。国際交流事業については、インドネシア共和国との交流を継続を実施されるなど、国際理解、国際化への対応が進められました。中学生の海外派遣事業は、教育費ではありますが、次代を担う子供たちの国際化への対応であり、国際交流活動の一環として有意義であったと思っています。次に、民生費についてでございますが、西部地区の児童数の急増に対応するため、兵庫児童館が無事建設され、本年４月に開設しました。児童館事業も格段と充実し、安心して暮らせる福祉のまちづくりが推進されたと実感しています。また、障害者自立支援法に基づく各種事業も的確に実施され、障害のある方が地域で安心して暮らせる社会環境が整備されただけではなく、町単独事業にも積極的に実施され、確実に行政サービスが向上しています。次に、衛生費ですが、各種健診事業や生きがい活動支援事業を実施し、これからの少子・高齢化社会を健康で活力あるものにしていくために、まず必要な健康づくりを推進されました。また、合併処理浄化槽設置補助や東郷版ＩＳＯ推進事業や、自然観察会、子供エコばんぱくｉｎ東郷を実施するなど、環境保全活動を推進されました。環境汚染に対する対策は、子供のうちから意識づけをすることが非常に大事であり、私たち大人も常日ごろ気をつけなければと痛感しています。次に、農業関係費でございますが、水田農業構造改革対策事業として、担い手育成事業や遊休農地対策事業を実施され、需要に応じた作物生産と良好な水田環境の保全を図りながら、生産調整や水田農業の構造改革を推進され、農業経営の安定化が図られました。また、堤体の一部が崩壊していた広坪池の護岸整備工事も実施され、貴重な水辺資源として、ため池機能維持に努めていただいているわけでございます。次に、土木費ですが、車両や歩行者が円滑に通行できるよう、限られた予算の中で効率的、効果的に町道の維持修繕や草刈りが実施されています。また、涼松７号線や白土・涼松地区の道路用地については、道路特定財源を原資とするまちづくり交付金を受けて買収を行い、生活道路の整備も着実に進められてまいりました。また、諸輪篠木橋の耐震化工事の実施、消防費では北山台三角公園の耐震性貯水槽を設置するなど、災害に強いまちづくりを一層推進されました。さらに、一部公共施設でありますが、自動体外式除細動器を設置されましたことは、万一の場合、非常に心強いことであります。次に、教育費についてですが、やはり大規模化した音貝小学校の教育環境を改善するため、一日も早い開校が待ち望まれていた兵庫小学校の建設が完了したことは、既存の小・中学校施設の老朽化もありますが、兵庫小学校開校により、本町の教育環境が充実したことは間違いない事実であります。また、諸輪小学校南校舎の耐震補強工事を実施し、子供たちの安全確保にも努められました。また、歳計外現金が年の途中で不足することから、ここ数年支払い事務で起きておりました一時借入金でございますが、平成18年度はそれをすることなく終えられたことは、川瀬町長の健全財政に取り組むあらわれであり、評価できることを申し上げておきたいと思います。以上、平成18年度一般会計の決算について、歳入歳出ごとに主なものを取り上げてみましたが、自治行政実績に関する調書や決算書を見てみますと、細部にわたってさまざまな行政サービスが実施されています。ますます増大する行政サービスに対し、限りある財源を効率的、効果的に執行され、第４次東郷町総合計画を見据えた本町の将来像の実現に向けて着実に施策を実施されることを認められます。以上をもちまして、平成18年度東郷町一般会計歳入歳出決算認定に対し、議員諸兄の賛同をいただきますようお願い申し上げまして、私の[STANCE]討論といたします。,議案第56号平成18年度東郷町一般会計歳入歳出決算認定,議案,賛成
sample-00020,愛知県,東郷町,平成19年第３回定例会（５号）　本文,１４番（門原武志君）,ただいま議長のお許しがありましたので、議案第61号平成18年度東郷町下水道事業特別会計歳入歳出決算認定について、[STANCE]の立場から討論します。受益者負担金現年度分として約6305万円の歳入があり、これは第六負担区白鳥１丁目、御岳１丁目、２丁目の一部からのものです。公共下水道受益者負担金は、公共下水道サービスを受けるものの土地に対して賦課されますが、今回の白鳥１丁目、御岳地区もほかの負担区と同様、市街化区域に含まれています。市街化区域では、土地など固定資産に対し、都市計画税が賦課されています。都市計画税は、公共下水道整備を初めとする都市基盤整備を目的とする目的税です。公共下水道整備も都市計画税を集める目的の一つですが、それにもかかわらず同じ土地に対して公共下水道受益者負担金が賦課されるのは二重課税であり、容認できません。以上により、決算認定に[STANCE]するものであります。,議案第61号平成18年度東郷町下水道事業特別会計歳入歳出決算認定,議案,反対
sample-00021,愛知県,東郷町,平成20年第１回定例会（５号）　本文,２０番（菱川和英君）,私は、議長のお許しを得ましたので、ただいま議案となっております議案第３号東郷町子育て支援手当支給条例の制定について、[STANCE]の立場から討論させていただきます。制度そのもの自体について、これは私は[STANCE]でございます。決して制度を否定するものではありません。しかしながら、内容に問題があるので、[STANCE]しかねるということでございます。まず、第一に平成20年４月２日以降に生まれる第３子以降の子に限定している。そのことがまず第１点でございます。子育て支援というなら、やはり字のとおりにすべての方に与えるような支援という形を取っていただきたいと思っております。また、次に、これはもっと大事なことなんでございますが、質疑等の答弁の中ででも、４歳保育からは保育料を無料にするという答弁が何度も聞かれております。それなのに、そのことは一切この条例に盛り込まれることはなく、３歳未満児１人以上を含む場合に限ると限定していることでございます。これは質疑等の答弁からの保育料無料化というのが一切出てきていない。矛盾を感じる点でございます。委員会の質疑の中でも、保育料の件につきましては、先ほど委員長報告にもございましたが、対象者が出るのはもう少し先だからとの答弁がありましたけれども、今後新条例をつくるのか、また条例改正案を出すのか、それはどちらになるかわかりませんけれども、すぐ先に今出ている条例を改正含みのまま原案に[STANCE]することは不適当であると、そのような考えでございます。制度そのものには[STANCE]であるということを強調いたしまして、適正な整備をして出し直していただきたいものと思います。以上のことを申し述べて、私は議案第３号について[STANCE]の立場からの討論といたします。よく皆様方御検討いただきたいと思います。,議案第３号東郷町子育て支援手当支給条例の制定,議案,反対
sample-00022,愛知県,東郷町,平成20年第１回定例会（５号）　本文,１番（山田達郎君）,議長のお許しをいただきましたので、私はただいま議案となっております東郷町子育て支援手当支給条例の制定について、[STANCE]の立場から討論させていただきます。現在、我が国は、先生方も皆様御承知のとおり、少子化問題に見舞われております。なぜ今まで、もっと早くこういうのを出さなかったのでしょうか。先ほど、４月２日以降と言いましたけれども、５年前、10年前にやっていればこういう話もないですし、今やらなければどんどん先延ばしになってしまう。日本というのは少子化対策に余り本気になっていない、国の予算は80兆円あるんですけれども、少子化対策費にはわずか１兆円。少子化対策をされる議員の先生皆さんや、先輩方の時代というのは、専業主婦が多かった時代でございます。その中で子供たちと家族のきずなもあり、出生率は４％と多かったわけでございます。整備がちゃんとできていれば安心して産めるんだけれども、それがまだおくれている。先進国として繁栄を維持していくために、一人一人の女性が将来に夢と希望を持て、子供がたくさんいても安心できるような施策、子供を授かった家庭を手厚く保護することを打ち出す必要性に迫られているのが現状であります。川瀬町長は、マニフェスト発表以来、この少子化問題に正面から取り組み、今般決定打と言えるような条例を提出されたことに対して、私を含め子育て世代の中で大いなる敬意と期待を表するものであります。この条例の意図するところは、第３子以降の子供の出生の促進、安心、すなわちこれから３人目以降のお子さんを出産するお母さんをふやそうというものであります。平成18年第４回東郷町議会定例会等において町長が繰り返し述べておられますように、新しい制度を施行する日にちを起点としてとらえることによって、その制度の効果が立証されるという一貫した考えに立っているものと受けとめております。東郷町内にお住まいのすべてのお母さんたちは、将来、３人目以降のお子さんを設ける場合、そのお子さんが３歳未満までの間、等しくこの条例の恩恵を受けることができます。これはまさに東郷町独自の少子化対策と言えるものであり、月々１万円の子育て支援手当はこれから子供を産み育てる若い世代にとって、少なからずとも経済的援助となることでありましょう。子育てにはお金がかかり過ぎるのが今の現状です。昔はああだった、こうだった。思い出してください、議員の皆さんでトミタ先生の講義を聞きました。昔、おむつがあったらみんな使っていたんです。ミルクがあったらみんな使っていたんです。日本の将来のためにも、東郷町から発信して、医療費の問題ではないですけれども、東郷町がこんなことをやりだした、隣近辺、周辺市町が、東郷町がやったからうちもやろう。医療費でもそうですね、あっちがやっているからうちもやらないとおくれてると。東郷町がやりだしたと。東郷町から発信して全国に広がり、日本の将来のために、皆さんの心の中で埋めることもたくさんあると思います。ぜひお考えいただき、議員皆様の御賛同をいただき、速やかに可決することを心から願いまして、私の[STANCE]討論とさせていただきます。ありがとうございました。,議案第３号東郷町子育て支援手当支給条例の制定,議案,賛成
sample-00023,愛知県,東郷町,平成20年第１回定例会（５号）　本文,１３番（中川雅夫君）,議長のお許しを得ましたので、私は今提案されております子育て支援手当支給条例の制定について、[STANCE]の立場から討論いたします。[STANCE]論者が申されましたように、子供の出生を促進するということが強調されております。したがいまして、この条例全体的に子育て支援の手当についての趣旨は[STANCE]であるということ、先ほど菱川議員の討論の中でも述べられました。私も同様でございます。けれども、子供の出生を促進するというこの第１条の理由によりまして、今既に生まれている子には支援をしないのだというのが、この条例の重大な欠陥であります。この重大な欠陥を残して、これを通してしまうことはだめだと言っている。つまり、我々議会におきまして、町長が本来の子育て支援というものについてきちんと条例を整理し、問題点を吟味して出し直していただきたい、これが我々の議会の[STANCE]の理由であります。僕はそう思っています。つまり、この条例を通すことによって、子育て世代の中に重大な格差を生み出すことがあってはならない。そういうことがあっては、子供の出生を促進するということにつながらない。これから産み出す人だけに支援をしますということで、果たして将来にわたって子育て支援手当支給条例が健全な発展を遂げるかどうか、これは全く訳がわからぬことになっていくような感じがいたします。いっそのこと、ここできちんと制定することについて、我々はいま一度思いとどまって出し直す、この措置が必要であろうと思います。以上をもって[STANCE]の討論といたします。,議案第３号東郷町子育て支援手当支給条例の制定,議案,反対
sample-00024,愛知県,東郷町,平成20年第１回定例会（５号）　本文,６番（近藤鑛治君）,議長のお許しをいただきましたので、私はただいま議題となっております東郷町子育て支援手当支給条例の制定について、[STANCE]の立場から討論させていただきます。今の日本の総人口、2004年12月には１億2784万1000人という、このときがピークでございましたけれども、現在は減少の一途をたどっている。2050年には推定人口が9515万人と大きく減少するというようなことが、国立社会保障人口問題研究所というところが発表しておりますけれども、その原因というのは、やはり今問題になっております少子高齢化の進展であり、その影響は経済成長の鈍化や私たちの世代の税、社会保障負担の増加、高齢化と労働力不足による国や自治体、企業の活力の衰えなど、社会経済面で新たなひずみ、問題になっておりますけれども、こういうことが懸念されてくるわけであります。そういった中で、東郷町といいますと、東郷町の人口は今のところ非常に右肩上がりの増加傾向に、現状はあるわけですけれども、少し見方を変えてみまして、婚姻数、東郷町に婚姻届を出していただいている数はどれくらいあるかと見ますと、5年間を比較してみましたけれども、平成14年が245人、15年が238人、16年が261人、17年が263人、18年が223人、５年で1230人の方、平均すると年間246人、250人程度が婚姻届をいただいている。そういった意味では東郷町は結構若い人たちがまだ頑張っていただいているのかな、来ていただいているのかなということは、一つの大きな要因であるのでなかろうか。そういった中で、出生数、子供がどれくらい生まれたのかと見ますと、14年で482名、15年で482名、16年が443名、17年が442名、18年が459名、５年で2308名の方が出生している。平均で年間461名の方の出生があるということであります。東郷町としては、子供と若者のカップルの多くいる町こそ、活力と魅力ある町であることは、皆さん私も含めて一致するところであります。平成17年度の国民白書によりますと、夫婦で考える理想の子供の数というのがあります。過去23年間の間変わっていないと言われておりますけれども、2.5人程度が欲しいと言っているのが今の状況だというふうに、間違いないんではないかと思うわけです。35歳未満の既婚者の８割弱の方が、子育てや教育にはお金がかかり過ぎると考えられると言っております。つまり、望みどおりの数だけ子供が産める環境があれば、出生率は上がっていくんではなかろうか。今、東郷町では年間60名ぐらいの方が出生届けがあると聞いております。ところが全国平均で見ますと、まだ平成17年では1.25程度ということで非常に少ないのが現状かというのがありますけれども、そういう状況の中でまだまだ今のところは東郷町はいい状況ではあるわけですけれども、こういった今世の中全体の状況を見ますと、ということは、先ほど言った2.5人ということは、私は１人でもいい、いらない、もしくは３人欲しいという人がたくさんいるということは、この2.5人の中から出てくるんではなかろうか。そういったことの中から、少子化対策として有効なのは、第３子以降のお子様を産みやすい環境を整備していくことが、この白書の文面からも私自身重要であると考えております。そして、この条例こそが議会に提出された目的の一つであると私は考えるところであります。したがって、この条例がこれから生まれる第３子以降の子供を対象としていることは、当然理解しなければならないことだと思っております。東郷町としての独自性でありますが、手厚さを打ち出すというよりも、むしろ町民への思いやり、心配りという趣旨のものであると私は考えております。我が東郷町における今後の出生を促進し、３人目以降のお子様をふやしていくための有効な施策は、今後もいろいろ必要と考えますが、スタートとしてこの条例の果たす役割は大きいものであると私は確信しております。皆様におかれましては、ぜひとも御賛同いただきますよう、心からお願いしまして、私の[STANCE]の討論とさせていただきます。ありがとうございました。,議案第３号東郷町子育て支援手当支給条例の制定,議案,賛成
sample-00025,愛知県,津島市,平成19年第１回定例会（４号）　本文,１５番（桑山昇君）,[STANCE]の立場から討論に参加をしていきたいと思います。議案第13号「津島市職員の勤務時間、休暇等に関する条例の一部改正について」、今も議論をされましたけれども、これが可決をされるわけでありますけれども、昼の休憩時間が今まで１時から業務が始まっておった、議会も１時から始まっておったわけでありますけれども、それを職員のそういう部分に合わせて、議会も１時まで休憩ではなくて、45分から始まるのかということも議論になると思いますけれども、それが閉庁の退庁時間が５時15分でありますけれども、５時15分を30分に繰り下げるという手もあるわけでありますけれども、この部分については、労働条件の変更ですから、いずれにしても団体交渉の議論になるところでありますので、先ほどの中村委員長のときに質問をしようかなあと思いましたけれども、そんなことを言うとまた話が進んでいってしまっておかしくなってしまうかなあと思って聞きませんでしたけれども、そういう部分できちんと議論をしてやってあるかどうかということですけれども、これから施行される前にきちんとやればいいことでありますけれども、そういう部分で混乱が起きないように、議会側もそのように対応しなければならんのではないか、そういう可能性があると私は思います。以上申し上げて、[STANCE]の立場から意見だけ申し上げて、[STANCE]の討論とします。,議案第13号,議案,賛成
sample-00026,愛知県,津島市,平成19年第１回定例会（４号）　本文,１７番（杉山良介君）,この議案第34号の職員給与の条例の一部改正でありますが、説明にもありましたように、一般会計で２億5000万円余、全会計では４億円を超える減額になるという大きな内容でありますが、これが平成22年の実施に向けて、今なぜ提案をしなければならないのかと。先ほどの説明にもありましたが、それまでは現在の条例がそのまま生きておると。いきなり３％に持っていくのは難しいので、これからその実施の内容は調整をしていくんだと、こういう説明であります。であれば、逆に平成22年度の実施なら平成21年度じゅうに決まった内容を提案されればいいわけで、ましてや今回のように３月議会の最終日にあわてて追加提案するような内容ではないと私どもは考えるわけであります。また、説明にもありましたように、こうした重大な内容が県下の市ですべて出されておるということではなくて、実際に上げられた名前からいえば、ほんの一部の市で今議会に提案をされておるようでありまして、私は十分内容を煮詰めた上で改めて出されるべきだという立場から、[STANCE]の立場を表明いたします。以上であります。,議案第34号,議案,反対
sample-00027,愛知県,津島市,平成19年第２回定例会（４号）　本文,１７番（杉山良介君）,それでは、提案をされております議案全体の中で、１件だけ[STANCE]の立場を表明したいと思います。それは議案第43号、国保会計補正予算についてでありますが、この中に後期高齢者医療制度に係る予算が計上されておるわけであります。来年の４月から75歳以上の人を対象にした新しい医療制度が発足すると。その準備に関連する予算であると説明をされておるわけであります。具体的には、後期高齢者は75歳以上、前期高齢者というのは65歳から74歳でありますが、この前期高齢者の人の保険料を新たに年金から差し引くということを、この後期高齢者医療制度発足にあわせてやるためのシステムの改修費用ということであります。現在の老人医療の制度というのは、75歳以上の人も含めて、国保とか組合健保とか政府健保というところに入ったままで老人保健制度の対象になっておるわけであります。それが、来年の４月から老人保健制度は廃止、75歳以上の人は現在介入しているすべての医療保険制度から脱退をせよと、そうして新たにつくられるこの後期高齢者医療制度に入れ、こういうことが義務づけられるわけであります。さらに、問題は、この保険料を月１万5000円以上の年金をもらっておる人は天引きをすると。今、介護保険も天引きですね。そこへ、この医療保険も天引きをすると。さすがに月１万5000円の年金の中で半分以上の天引きになった場合は、天引きはやめて、あとは自分で払ってくださいということだそうであります。今、年金の未払い問題が大きなことになっておりますが、それとは別にして、少なくとも月１万5000円の年金から介護保険や医療保険を引くというこの制度そのものが許されるのかどうかということを私どもは訴えたいわけであります。今回のシステム改修費用というのは、言うならば前期高齢者の方の保険料の徴収に関する部分のシステム改修というところの予算のようであります。問題は、なぜこんな制度をつくるのかということでありますが、その最大のねらいは、国のいろんな方針を見ましても、いかに医療費を抑制するかということの一環であります。さらに、今後検討される予定は、後期高齢者医療制度については診療報酬も別立てにして、いかに抑えるかということも検討が始まっております。このことは、高齢者の健康を守ることよりも、医療に対する国の予算をいかに減らすかということに力点を置いたやり方でありまして、私どもはこうした制度の根本的な見直しを求めていきたいと考えております。以上で、議案第43号の国保補正予算についての[STANCE]討論といたします。,議案第43号,議案,反対
sample-00028,愛知県,津島市,平成19年第２回定例会（４号）　本文,９番（長尾日出男君）,[STANCE]の立場で討論に参加いたします。財政が厳しい中で、必要なものは必要であるという観点で[STANCE]に参加いたします。最初に、高台寺小学校の校区の学童施設についてでありますが、これが完成しますと津島市で全校区全部整備されるわけです。そうすると、これから子育てを担っていただく方々に大いに助けになるし、これはいいことだと思います。このことについては市長も公約されておりますので、早急に完成をしていただきたいというふうに思います。次に、天王川公園のトイレの改修工事の予算が計上されておりますが、工事費がかかり過ぎるのではないかという先ほどの委員長報告がありましたんですが、当局の説明で、旧トイレの解体費用とか基準に合った浄化槽の設置、また周辺の景観整備の費用も含まれるということでございました。今回、天王川公園が歴史公園100選に選定をされました。その名誉に恥じないトイレの設置が必要ではないかと私は思います。そうした意味で、このトイレが完成した暁には、天王川公園にマッチした清潔感のあふれるトイレでありますように、そういうことを願って[STANCE]討論といたします。以上です。,議案第42号,議案,賛成
sample-00029,愛知県,津島市,平成19年第２回定例会（４号）　本文,２１番（本田雅英君）,議案第43号について、[STANCE]の立場から意見を申し上げます。平成20年度から後期高齢者医療制度が始まるわけですが、この制度の導入というのは、医療費総額のうち高い割合を占める後期高齢者の医療費について負担の公平化を図ると、これがねらいであります。そういったことからしますと、今回の制度の財政運営を各都道府県の広域連合に担当させると、個々の自治体も財政的なリスクが集中することを防止できると期待されているものであります。そういった観点からいたしまして、この医療制度をスムーズに進行させるための今回のシステム改修委託料については評価すべきものと考えております。今後は、この後期高齢者医療制度の事業運営が円滑に進行できるように当市の役割を十分果たすことに努めることを要望いたしまして、[STANCE]といたします。,議案第43号,議案,賛成
sample-00030,愛知県,津島市,平成19年第２回定例会（４号）　本文,１７番（杉山良介君）,委員長報告にもありましたように、この議案第45号というのは、市長の方からはいろいろ説明はありましたが、ある意味では市民が納得できる説明はまだされていないというふうに私は思っております。一応の説明としては、マニフェストが実行できない、そして財政が非常に厳しい、だから給料を３ヵ月カットするんだということで説明がされております。一見もっとものように見えますが、本来は選挙で掲げた公約は守り、実行するということが市民の最も信頼を高める大事なことだと私どもは思うわけであります。その努力をする期間はまだ３ヵ月あるわけです。10月から実施をするという公約を掲げた以上、そこに向けてまず努力をすることが伊藤市長のやるべきことであって、７月、８月、９月と３ヵ月給料を100％カットするという提案を議会が認めれば、それは今から掲げた公約は実施しなくてもいいということを議会が逆に了解したような結果になるのではないかということを心配するわけでありまして、少なくとも今ここでこれを認めるということは、公約を守らないことを認めることに通じると、そういう点で、私は委員会でも申し上げましたが、６月の議会が終わった後、まだ７月、８月、９月の３ヵ月間は公約実現に向けて努力をするというのが本来のあり方であると考えますので、議案第45号には[STANCE]の立場を表明いたします。以上です。,議案第45号,議案,反対
sample-00031,愛知県,津島市,平成19年第３回定例会（４号）　本文,１６番（垣見信夫君）,議案第60号「平成19年度津島市一般会計補正予算」につきまして、[STANCE]の立場から討論をさせていただきます。本議会に提案されております補正予算、またいろいろな事業、これらすべてについて私は[STANCE]ではありません。是は是として、非は非として申し上げます。まず是は、第３款、第２項の児童福祉費ですが、子育て支援が叫ばれている今日、放課後児童健全育成事業に200万円以上、乳幼児医療費の支給事業に700万円ほどの財政支援が予定されているわけでありますが、これらの事業は、子供を持つ親にとっては大変ありがたい施策でもあるわけでありますから、私も心から賛同をするものであります。また、北小学校のグラウンドの整備事業、あるいは学校の図書の蔵書、こういった事業も予算計上がされ、いずれも必要であり、有効な施策であると考えられます。反面、つまり非と考える部分では、今回の補正予算書、第２表継続費、第７款、第１項の商工費、具体的には観光交流センター整備事業であります。先ほど委員会の報告がありましたが、この事業は、今年度と来年度の２年間でおおむね１億4000万円ほど投資して観光の拠点にしようとするものであります。その財源の内訳は5000万円を超す交付金と、ほぼこれに同額の地方債という名の借入金、あとは市民皆さんの血税で賄うものであります。[STANCE]の理由は、本議案を審議する委員会が13日の木曜日と18日の火曜日の２回やりました。通常の委員会は13日の委員会１回で終わるんですが、慎重を要するということで２回行われたのであります。その中で、ある委員の質問に、市長は、将来の津島市の観光の拠点になるので、ぜひこの事業を実施したいというような趣旨の答弁があったわけであります。この答弁があったにもかかわらず、副市長は現場を一度も見たことがないという旨の答弁であります。このようなことでは、こういった事業の、ある意味の事務方の最高責任者の方からの発言から察すると、本当にやりたいんだと、大事なんだという意欲が執行部の皆さんから私には伝わってまいりませんでした。二つ目は、物をつくればという行政、いわゆる建物をつくればというものは過去の行政であります。5000万円以上の借り入れをしてまで、今なぜこの事業をやらなければならないのか。明快なる答弁もありませんし、まさに理解に苦しむところであります。さきの中日新聞には、「津島市債権団体のおそれ」との見出しで、津島市の財政事情の一部が大きく報道されました。事業完成後には、これから毎年地方債、いわゆる借入金の返済や人件費、あるいはそこで上映されるであろうビデオやＤＶＤのソフトの入れかえなど、あるいは建物の維持経費などで、毎年毎年1000万円クラスの市民の血税が消えていきます。財政状況が思わしくない当市でのこれ以上の負担をすること、それから観光の拠点となり得るかどうか、不透明なこのような施設に投資をすることは、私は市民の理解が得られないと判断し、[STANCE]をするものであります。以上をもって[STANCE]の討論とさせていただきますが、なお、私たち議員は予算案を提案する権利・権限を有しません。どうか市長においては、補正予算の第２表に係ることについて、補筆なり訂正なりをされて加えて提案されるよう希望し、討論を終えたいと思います。,議案第60号「平成19年度津島市一般会計補正予算（第２号）」,議案,反対
sample-00032,愛知県,津島市,平成19年第３回定例会（４号）　本文,１４番（杉山良介君）,ただいま垣見議員が[STANCE]討論をされましたが、関連をいたしまして議案第60号の一般会計補正予算中、観光交流センターの整備事業について、私どもも、より慎重な検討がされるべきだという立場から、この予算には同意をしないということを申し上げたいと思います。この問題の経過でありますが、簡単に言いますと、平成17年の６月議会に議案第59号「負担附寄附の受領について」ということで、議会に追加提案をされまして、結論としては全会一致で承認をされたわけであります。そのときの当局の説明は二つありました。一つは、平成17年３月に市が策定した都市再生整備計画に基づき、町の活性化を資するために平成22年３月31日までに住民の利用に供するという条件がついておる。もう一つは、その利用に供する期間は平成22年４月１日から10年以上とするという、この二つの条件つきでいちい信用金庫から土地建物の寄附を受けたんだと、こういう説明であります。この２年前の議会の議決を受けて、今回の提案がされておるわけでありますが、その内容に沿って、寄附をされた土地建物を活用すること自身は必要なことだと考えるわけであります。そのために、最小限必要な経費を計上されることも認めるべきだと考えるわけでありますが、問題は、そのときの説明では、費用については次のようにされております。建物そのものは昭和４年に建造されたものでございまして、修復等かなり時間と費用がかかるというふうに認識しておりますが、現在の予定では、平成17年度におきましては利活用調査、それから耐震診断、耐震設計、平成18年度に工事供用開始のスケジュールで考えております。これはおくれておりますが、なお、費用面におきましては約１億円というふうに想定をしておりますと、２年前にはこのように説明がされたわけであります。２年前の約１億円という費用の説明が、今回は１億3000万円から4000万円の費用を要するという説明に変わったわけでありますが、２年前よりもなぜ3000万円から4000万円の費用負担がふえたのか、映像関係の部分だろうとは予測はしますが。今回のこの提案は、今の津島市の財政状況を考えたときに、本当にこれだけの予算をかけるべきかどうか、それは本当に町の活性化につながっていくのかどうか、将来このことをやってよかったと言える方向になる見通しがきちんとついておるのか、私は、その点が現時点では明確になっていないというふうに考えるわけでありますから、より慎重な対応をせざるを得ないと考えるわけであります。もともと総合計画に示されている都市再生整備計画に基づく町の活性化という事業は、どこの自治体を見てもそうですが、行政主導では本当に成果を上げるのは難しいという問題なんですね。全国の成功例を見ますと、そこに住む皆さん方が、またそこで商いをされる皆さん方が本当に知恵と力を出し合ってこそ町の活性化につながるというふうに考えるわけでありまして、私はその面では、行政の役割は、その点での縁の下の力持ちといいますか、そこに住む人たちや商売をやってみえる方をどのように支えるかと、主役はその地域の人たちであり、そこで商いをされる方に大いに力を発揮してもらうということをもっともっと大事にしなければならないというふうに考えるわけであります。以上、要望も含めての[STANCE]討論といたします。,議案第60号「平成19年度津島市一般会計補正予算（第２号）」,議案,反対
sample-00033,愛知県,津島市,平成19年第３回定例会（４号）　本文,１２番（桑山昇君）,第１番目に、議案第60号の[STANCE]討論でありますけれども、少なくとも今まで委員会で２回も議論し、今も杉山議員が討論されたことと私も同じような意見でございますけれども、委員会の中で話が出ましたコンクリートの塊ではないのか、そういうことです。それを今の観光の拠点にするというのは、恐らくそのようなことにはならん。この前、委員会で当局の説明があったように、津島神社のお参りの人だとか、あるいは天王祭のお客さんがこっちへずうっと歩んで来てもらうというような答弁がありましたけれども、しょせん天王祭は７月末のまきわら船が出る少しの期間だけ、25万人か30万人の人手はあるかもわかりません。また今の津島神社でも、年末年始のお参りで一定期間だけ、１週間かそこらにぎわうだけで、その方が津島信金の跡地に流れてくるなんていうことは考えられん。そして、今の譲渡契約の中に厳しい条件があるわけであります。これからも毎年維持費がかかるわけでありますから、少なくとも恐らく何十年か、何年か後には重荷になるのではないかなと、こんなふうに思います。寄附採納を受けたわけでありますけれども、役所の方で、そりゃあただより安いものはないで結構だと思いますが、ただより高いものはないんではないか、そんなことになるような気がいたします。以上です。,議案第60号「平成19年度津島市一般会計補正予算（第２号）」,議案,反対
sample-00034,愛知県,津島市,平成19年第３回定例会（４号）　本文,２２番（外山重利君）,討論をやめようかなと思いましたけれども、[STANCE]の立場から討論させていただきます。私は、この文化財というものを非常に重く感じている一人の議員でありまして、今回の整備は、この議案第60号に関してでございますが、一つの点の整備でございますけれども、やはりその文化財を保存するということは、この市にとって非常に大切なことだと。これをこのままにしてなくしてしまうということは、財産の放棄であるというふうに考える次第でございます。ただし、これを今回やるからには、ぜひ中心市街地の活性化を果たしていただきたいと。そのためには、やはり私個人的に考えております構想では、どうしても津島市の中心の通りである天王通りの活性化が欠かせないと。たまたまこれが県道であり、しかも計画決定が昭和15年にもうされているわけですね。この天王通りだけが数％も拡幅の事業決定がされていない。ほかの拡幅の計画決定された県道はほとんど手がついているのに、この天王通りに関しては全く手がついていない、事業決定されていない。ですから、景観条例をつくり、町並みをそろえていく、それから人が本町通りへ流れていくシステムをつくらないと、今皆さんが言われたように、この旧津島信用金庫本店を文化の拠点にしようと思っても、ただ単に閑古鳥が鳴いているという状況にならざるを得ないということは、私も危惧する次第でございます。ですから、これをやるからには、中心市街地の活性化をどんな形であれ、これから議論してやっていただきたいと思っております。そんなことで、[STANCE]討論の一端でございますけれども、皆さんに御披露して[STANCE]討論といたします。,議案第60号「平成19年度津島市一般会計補正予算（第２号）」,議案,賛成
sample-00035,愛知県,津島市,平成19年第３回定例会（４号）　本文,７番（東国伸君）,私も[STANCE]の立場から討論に参加をいたしたいと思います。この補正予算の中の、ただいま各議員から御指摘があった交流センターについてですけれども、まずこの寄附行為を受けた時点で、平成22年までにこのような事業に転換していかなければいけないということは、既に議会にも議案として出されて承認をしていることが一つ。それから、今日までのまちづくりの中において、本町筋の開発については、例えばカラー舗装を含めたいろんなものが今までに既に示されていらっしゃるわけであります。その中の一つが観光交流センターであろうという理解もしているところであります。それから大切なことは、津島市のまちづくり交付金を受けるに当たっての国・県への今日までの動きであります。当然、この観光交流センターをつくるに当たってはいろんな御苦労があったと僕は思うんです、県や国に対して。そして、そのいただいた結果によって、こうして市民の節税も図っているわけでありますけれども、このような計画をお示しいただいたものと思っておるわけです。むしろこれをなくすることがこれからの津島市のことを考えた場合に、果たして国・県に対して与える影響がどんな形でエネルギーとして必要になってくるのかなあと、そのことが心配なわけであります。ですから、さまざまな皆さんからいただいた御意見も大切にしながら、市民や、また来て津島へ来てくださる観光客の皆さんに本当に利用できる施設にさせていただきたい、そのことを強く要望しながら[STANCE]討論とさせていただきます。よろしくお願いします。,議案第60号「平成19年度津島市一般会計補正予算（第２号）」,議案,賛成
sample-00036,愛知県,津島市,平成19年第３回定例会（４号）　本文,５番（長尾日出男君）,[STANCE]の立場から討論をしたいと思います。今津島市では大変な時期であります。今まで歳出削減ということでやってきました。でも、歳入ということを観点にとらえないといけない、そう私は思います。そういった意味で、津島市は工場誘致、また観光で生きるということで、歳入の方にも力を入れております。この歳入の方で考えた場合、観光誘致を考えた場合、それじゃあ何でやっていくか、神社を含めた方法がありますが、やはり何で生きるかということが基準になっていない、そういう部分が今の議論になったと思います。確かに、これからランニングコストはかかります。でも、寄附を受けた時点で当然こんなことはわかっておるはずです。もらった時点でそのまま放っていくわけにはいきません。ですから、その時点で幾らかかるかという説明はありませんでしたが、ランニングコストは当然中に入れて寄附を受ける問題だと思います。そういった意味で、今議論をするよりも、もらった時点でもっと十分な議論をすべきだったと反省すべきでありますが、今さらという言葉は何ですが、これを重大活用する方向に考え方をまとめていくべきだと、私はそう思います。そういった意味で[STANCE]討論といたします。,議案第60号「平成19年度津島市一般会計補正予算（第２号）」,議案,賛成
sample-00037,愛知県,津島市,平成19年第３回定例会（４号）　本文,４番（中村勝司君）,私も[STANCE]の立場から討論に参加させていただきます。今問題になっています信金の跡地問題のことでございますが、私もあの周辺で生まれ、育った人間でございます。建物は江戸時代後期からずうっと津島の建築様式が点在しておる町並みでもあります。非常に懐かしい町であります。これを観光に生かすということは、大変津島市としては貴重な財産だと思っております。そういうことをとって、また古いお茶の屋敷もございます。いろんな立派な寺院もたくさんあります。そういうことをやっぱり津島市は生かしていかなければ、末代は倒れていくような状態になりますので、なるべく保存に力を入れていただきたい。そしてまたもう一つ、補正予算中、市民病院の問題でございます。本当に今、危機的な瀕死の状況にあります。これをもっと真剣に我々はとらえていかなければならない、こういうことを私は痛切に感じております。そういう観点から、やはり津島市の観光ということについては、古い町並みの保存ということを重点に置いて、[STANCE]の立場で討論をいたします。,議案第60号「平成19年度津島市一般会計補正予算（第２号）」,議案,賛成
sample-00038,愛知県,津島市,平成19年第４回定例会（４号）　本文,７番（東国伸君）,私は、議案第69号について[STANCE]の立場で討論に参加いたしたいと思います。先ほど厚生病院委員長から報告がありましたように、この改正の趣旨については、いわゆる普通徴収から特別徴収に変更されるんだという御報告がありました。したがって、この国民健康保険の課税方法に何ら変更がない、いわゆる資産についても所得についても十分配慮した仕組みを変更するほどの問題ではない。したがって、さらに重税感を与えるものではないということがまず１点あるわけであります。さらに、このたびの改正は地方税法改正であり、国民皆保険の趣旨から申し上げるならば、医療を受ける人の権利と、その税を支払う義務があって、私は当然だと思っております。したがって、これを否定するということは、滞納者を認めるんじゃないか、そういうことにつながりかねないという点から、私はこのような方法に変えてもいいのではないか、そのように考えております。しかし、実施に当たっては、やはり加入者の十分なる理解を得る必要があると思いますから、窓口等、そういうものを設定してきちっと対応していただきたいことをつけ加えて、[STANCE]討論といたします。,議案第69号「津島市国民健康保険税賦課徴収条例の一部改正について」,議案,賛成
sample-00039,愛知県,津島市,平成19年第４回定例会（４号）　本文,２１番（松井朋子君）,[STANCE]の立場から、議案第74号、一般会計補正予算のうち、後期高齢者医療広域連合事業負担金について討論をいたします。平成20年４月から、75歳以上の人を対象とする独立した医療体制として、後期高齢者医療制度が創設をされますが、大前提となるのは、急速に進む少子・高齢化であります。2008年度の社会保障費は、65歳以上の高齢者１人を20歳から64歳の現役世代2.7人で支え、2015年度には2.2人、2025年度には1.9人と支え手が減り、将来世代への負担というのは増すばかりであります。平成20年度・21年度の保険料は、一律負担の均等割額４万175円と、所得に応じた所得割率7.43％を乗じた金額の合計で算出されることとなるようです。県内の１人当たりの年間平均保険料は９万3204円、月額にいたしますと7767円、賦課限度額は50万円でありまして、また所得の少ない対象者には、その金額に応じて７割・５割・２割と均等割額が軽減されます。対象者の保険料につきましては、例えば老齢基礎年金年額79万2100円受給者のケースで、均等割額の軽減割合が７割で、保険料は年額１万2000円となります。この場合の国保税は、平等割と均等割の合計の軽減割合が６割で、市独自の減免要綱に基づく減免割合が３割で、国保税は年額１万3700円となり、後期高齢者医療制度へ移行されることにより、負担の軽減が図られるものと考えます。支え手である現役世代と高齢者世代の世代間の不公平をなくし、また最重要課題は医療費の抑制であると考えます。以上の理由から、[STANCE]討論といたします。,議案第74号、一般会計補正予算,議案,賛成
sample-00040,愛知県,津島市,平成19年第４回定例会（４号）　本文,１４番（杉山良介君）,それでは、議員提出議案第13号、市議会の議員定数を削減するという問題について、以下３点にわたり、[STANCE]の立場から討論を行います。まず第１は、現在の23名を20名にする、いわゆる３名削減という提案でありますが、その必要性も、あるいはまた明確な根拠も示されたとは思われないというわけであります。今回、削減の理由として、人口５万以上の市の中で、田原市が20名で一番低いと、だからここに合わせるんだという説明がされたわけでありますが、しかし、津島市と同じように人口５万人以上で法定定数が30名と定められておる市が、愛知県では17市あるわけであります。この津島市と同じような人口の規模17市の現在の平均の議員定数を計算いたしますと23.47名、約23.5名ですね、これが現状であります。もし他の市と比較をするという議論をするなら、17市の中の一番低いところに合わせるのではなくて、17市の平均の議員定数を参考にするのが筋道ではないかというふうに考えるわけであります。現在でも、平均値23.5名よりも低い津島市が、これをさらに減らすという根拠はないと私どもは考えるわけであります。二つ目に、津島市の財政力を理由に定数を減らすという説明がされておりますが、津島市は他市に比べて財政力も低いし面積も小さい、こういう説明もされておりますが、地方自治法における議会定数の基準はあくまで人口でありまして、財政力や面積を議員定数の基準に定めておるわけではありません。財政面から言うなら、年間400億円前後の毎年の津島市の予算規模、この行政内容を審査をし、議決をし、その執行状況をきちんとチェックをすると。そのために設置されておる議会でありますから、その経費として400億円の財政規模の中の１％にも満たない現在の議会経費、これは当然の必要経費として認められるべきものであると考えるわけであります。第３点目、今、議会に求められているのは、市民の皆さんから津島市議会はよく頑張っていると言われるような議会活動をやることであります。議会活動を活発にし、その機能を充実させる、それが私たち議員に課せられた任務だと思います。議会改革とは、市民の皆さんに開かれたわかりやすい議会のあり方を常に考えることであり、議論の中でも出ておりましたが、例えばこの本会議での一般質問を一問一答方式にするとか、あるいは議会の責任で議会だよりを発行するとか、あるいはまた今こうして私がしゃべっておりますが、この中継は後ろのテレビしか映らないんですね。ですから、よく市民から言われるのは、ほかの議会中継を見ておると、自席で発言されておる議員が前から映して、だれがしゃべっているのかわかりやすい。なぜ津島市はカメラを一つしか置かないのかという声も寄せられるわけでありまして、こういった市民の皆さんからの議会に対する要望、意見、こういうものを一つ一つ対応し、改善をしていくということこそ、議会に求められる議会改革ではないかと考えるわけであります。議員を減らすことで、議会機能の向上が図られると思えないわけであります。こうした多様な市民の声を行政に反映するためにも、法律で定められた法定定数である30名に近づける努力がされるべきだと考え、以上３点の理由で[STANCE]の立場を表明するものであります。,議案第13号,議案,反対
sample-00041,愛知県,津島市,平成19年第４回定例会（４号）　本文,２０番（本田雅英君）,議員提出議案第13号「津島市議会議員定数を定める条例の一部改正について」、[STANCE]の立場から討論いたします。現在、当市を取り巻く環境は、財政力の低下に加え、先送りされた市町村合併問題、市民病院の健全経営など、身近な緊急課題が山積しております。このような状況であるため、行政当局は行財政改革を着実に前進させるための職員給与の減額、職員定数の削減、指定管理者制度の導入など、全力を尽くして、現在、経費節減等に努めておられます。一方、議会側については、市民の目からは議会の市民本位の要望、意見の調査、政策の提言・立案能力、あわせてチェック監視機能の現状は、ともに必ずしも十分なものではないと見ており、議会審議の活性化とあわせて、これら議会機能の一層の充実・向上が求められておりますが、二元代表制の一翼を担っている地方議会は意思決定機関でありますので、その役割や活動が市民にはなかなか見えにくいという状況であるために、活動している割には評価が低いのであります。そこで、市民の関心をいかに高めるかという視点で考えますと、議会だよりの発行や選挙時のポスター作成費、自動車借上料等の選挙公営費の限度額の見直しなど、議会活性化に向け、早急に取り組まなければなりません。議員定数の減員については、住民の意思が反映しにくくなるのではとの声が聞かれます。しかしながら、当市においては嘱託員制度や各種審議会へ公募による市民委員の登用を図っていること、さらには市民が行政へ直接要求する陳情や請願という方法もあり、市民の意思を行政に反映することも十分に可能であります。現在の地方自治法の法定定数の基本的な考え方は、明治時代に、そして昭和21年に改正され、現在に至っておりますが、その当時の社会情勢と現在とでは異なっておりますことから、議員定数を定めるに当たっては、自治体の財政力、行政面積、社会経済状況等を勘案し、決定されることが当然のことと考えます。全国の状況はといいますと、人口５万人以上10万人未満で条例定数20名のところが29市、20名未満で25市あります。その中でも、人口５万6400人、行政面積58平方キロメートルの埼玉県羽生市においては、条例定数23名を16名に改正しております。羽生市議会事務局に、なぜこの定数にされたのかお尋ねいたしますと、市町村合併ができなかったためということであります。削減後、今のところ問題はないとのことでありました。また、さらには人口12万人前後でも、条例定数20名以下の自治体が６市あり、法定定数に対する減少率は40％以上を示しております。では、県下の状況はと申しますと、平成16年10月と平成19年７月現在対比で、平成の市町村合併が進み88市町村から62市町村に、法定定数が2302名から1858名で、減少率19.2％、444名の減、条例定数1785名から1373名、減少率21.8％、412名の減となっております。他の自治体の市町村合併による定数の削減が進む中での当市は、財政力指数において県下で35市中33位と、議員１人当たり行政面積28位、人口は27位となっております。さて、日本国憲法では、特に地方自治法として１章を設け、地域内の住民に関することはその地域の住民によって責任を持って処理することと定めております。したがって、津島市議会は約６万6000の市民にかわって、それぞれの要望や意見をくみ取り住民の意思を決定し、行政に反映させていくという役割を担ってきてはおりますが、しかし、昨今の市民の要望や意見の中で議員の資質が問われることも少なくなく、具体的には２度にわたる選挙後の３名の当選議員の辞職、加えて直近の市職員でのモラルハザードと指摘される発言に、議会への信頼は地に落ちたとの厳しい非難の声や、この際、大幅な定数削減すべしとの声が上がっているのが実情であり、この声を無視すべきではないと考えます。これからの地方議会は、地域住民の意思や活力を日常的に酌み取る必要があると考えます。また、身近な市民の代表の府としての地方議会の役割は今後ますます高まることから、議会側もこれから行財政改革などを進めていく上で、議員の資質向上がさらに必要となってきております。議会が市民の代表機関として、市民の信頼の構築を図り、また今まで以上のガラス張りの開かれた議会を目指すためにも、提出議案のごとく、議員定数を削減し、高い倫理観を持ち、市民の生命と暮らしを守るぞとの議員本来の使命感に燃え、さらには市の財政力に応じた、身の丈に合った少数精鋭主義での20議席の定数に改正することが必要であります。今こそ、将来を見据えた津島市議会の良識を市民各位に示すときであると確信いたすところであります。良識とは、健全な判断力とすぐれた見識であるということは言うまでもありません。津島市議会として、市民の良識にこたえようではありませんか。以上の観点を申し述べまして、[STANCE]討論といたします。,議案第13号「津島市議会議員定数を定める条例の一部改正について」,議案,賛成
sample-00042,愛知県,津島市,平成20年第１回定例会（４号）　本文,２０番（本田雅英君）,[STANCE]の立場から、まず議案第１号の津島市一般会計予算について述べたいと思います。一般会計全般については、財政改革行動計画に基づいて、事務事業、あるいは公の施設の運営の見直し、定員管理計画による人件費の抑制など全庁挙げての取り組みが進められております。その中でも、子育て支援では子供の入院・通院に係る医療費について、通院は小学校入学まで、入院は中学校卒業までの無料化が拡大されるほか、高齢者支援対策では、県が平成20年８月から補助の対象外とするひとり暮らし老人に対する福祉給付金支援事業を市単独で実施していくこと、さらには児童・生徒の安心・安全の確保では、小学校の校舎の耐震補強、あるいは蛭間小学校の校舎の建設、地域の活性化では主要幹線道路の整備等、重要課題には重点的に予算配分がされており、評価するものであります。要望といたしまして、多くの委託料、需用費が各課において組まれております。執行に当たっては、経費節減の見地に立っていただきたい。また、人件費の総額抑制で毎年定員管理計画に基づいて計画的に職員の削減が進められております。団塊の世代の大量退職が本格化している中、スタッフの減少もあって、職員一人が抱える業務量も増大してまいります。大切になってくるのは、職員個々がそれぞれの業務の手法や無駄な作業を見直して効率を高める工夫であります。また、仕事の遂行に当たっても、各自で問題点を明確にして、改善するにはどうしたらよいのか、創意工夫が必要になってまいります。また、ここ数年、市民協働やパートナーシップという言葉が盛んに使われるようになっております。当市でも進められておりますが、市役所と市民との対話をもっとふやし、臨機応変な対応がますます必要であります。営利を追求しないボランティア的な団体、メンバーはおのずと意識の高い人が集まっております。今後においても、市民の自主的な活動を促進することによって、市民のまちづくりに対する参加意識が高まってくると考えます。そういったことから、市民と市役所が対話できる体制づくりをふやしていただきたいことを申し上げ、[STANCE]討論といたします。,議案第１号の津島市一般会計予算,議案,賛成
sample-00043,愛知県,津島市,平成20年第１回定例会（４号）　本文,７番（東国伸君）,平成20年度の一般会計予算について討論させていただきたいと思います。本定例会の初日に伊藤市長さんが、財政改革を初めとする六つの根幹を示して、平成20年度の取り組みについて施政を示されました。私どもは、その市長の施政方針を念頭に置きながら、各常任委員会での質疑を通して感じましたことを二、三申し上げておきます。まず、一般会計における自由に使える、いわゆる事業費が大変厳しい中において、一口に申し上げまして大変御苦労の跡がうかがえる予算であろうかと思います。そんな中でも、先ほどから話題になっております子育て支援のための環境整備としては、保育所とか小・中学校の耐震調査に多額の予算を計上していただいている。また、愛知県の制度とあわせてでありますけれども、先ほどからも話題になっております子供の医療費の無料化、これも前年度対比25％以上の市の持ち出し分を持って取り組んでいただいている。また、さまざまな子育て支援の事業も継続して続けていただいている。また、高齢者施策におきましては、地域ふれあい事業を初めとしてさまざまにやっていただいております。特に介護保険との整合性をとりながら、ボランティアの制度を新しく導入していただいたと思います。また、地域防災、あるいは地域のコミュニティを拡大するために、市民とともに協働してこの津島市を盛り上げようとする市長の思いが込められているのではないかと、私は高く評価をするものであります。[STANCE]討論に当たりまして、二、三、ちょっとお願いをしておきたいと思います。まず１点目が、収納対策の問題であります。さまざまな取り組みを全庁挙げて、私は収納率じゃなくて収納額のアップに努めるよう努力をしていただきたい。それから２点目として、市民の要望に頑張らなきゃならない事業、あるいは頑張る職員、あるいは頑張る部局に対しては、しっかりとした応援体制を整えていただきたい。三つ目でありますけれども、委託事業についてであります。前例とか慣例にとらわれることなく、私は見直しや精査をする必要があるのではないだろうか。特に今常任委員会で示されたのが、これも委託するんですか、職員でできないんですか、その言葉がたくさん多かったような気もいたします。私は、これは大切な御意見だと思います。どうぞその点を念にしていただいて、市民からありがとうと言っていただける市政運営を期待いたしまして、[STANCE]討論といたしたいと思います。よろしくお願いします。,議案第１号の津島市一般会計予算,議案,賛成
sample-00044,愛知県,津島市,平成20年第１回定例会（４号）　本文,５番（長尾日出男君）,[STANCE]の立場で討論に参加いたします。議案第１号、平成20年度の一般会計予算は、今後、歳入の増収が見込みない現状の津島市において、徹底した歳出の削減を図りながら、市民生活を守るため、また町に活力を与えようと配慮された予算であると私は思っています。今日まで、津島市が歩んできました集大成が現状の津島市であります。その中で、今後津島市をどのように導くかを問う平成20年度予算であり、伊藤市長が就任されて初めての本格的な予算編成であります。市長は、施政方針演説で、住民本位の役に立つ市役所にしたいと述べられました。そのため、職員の力を結集し、全庁横断的な対応を求めると述べられております。そのための改革は大いに行っていただきたい。議会に対してもどんどん提案をいただきたいと、そのように思っております。市長として、強いリーダーシップを発揮していただき、活力ある津島市をつくっていただきたいということを願って[STANCE]討論とします。また、議案第８号の後期高齢者医療特別会計の予算について、今後ますます進展する高齢化社会で、医療費の増大が懸念されております。高齢者がこれからも安心して医療が受けられるための制度であると私は理解しております。しかし、今日まで日本の発展に貢献・寄与していただいた高齢者の方々に保険料の一部を負担していただく制度になっており、混乱もあるかと思いますが、持続可能な制度とするため、また若年層の負担を軽減する、世代間の公平性を図るために創設された制度であります。一定度の理解が必要ではないかと私はおります。また、減免措置もあり、保険料負担も軽減される制度もありますので、この制度が理解され、スムーズに導入されることを願い、これも[STANCE]討論といたします。それからもう一つ、企業会計については、津島市民病院事業会計について、平成19年度決算見込みでは大幅な赤字になるということですが、この平成20年度予算については大幅に改善がされたというふうに私は思っています。特に病床稼働率は改善の方向にあり、このまま継続をいただいて、さらなる経費の削減と収支改善の取り組みに期待するものであります。それから、下水道事業会計、上水道事業会計については、合流式下水道改善事業に対して予算措置がされました。上・下水道を適切に管理・運営するために必要な予算となっております。今後も、市民に優良な水道水の安定供給とともに、下水道は公共下水道のより一層の普及を図っていただくことをお願いし、[STANCE]討論といたします。以上です。,議案第１号、平成20年度の一般会計予算,議案,賛成
sample-00045,愛知県,津島市,平成20年第１回定例会（４号）　本文,２１番（松井朋子君）,私は、介護保険特別会計の当初予算を[STANCE]の立場から討論いたします。介護保険は、平成12年から施行されまして８年目となりますが、制度改正が多いため安定せず、わかりづらいところも確かにございます。津島市の介護保険施設の状況は、人口６万6000人で10ヵ所の介護保険施設があり、その内訳は、特別養護老人ホーム３、介護老人保健施設が５、介護療養型施設が２であります。この人口の中で10施設もあるところは県下でも少ないと思われ、また新たに市が指定して設置が可能となりました地域密着型サービスもあります。これは、津島市民しか利用できないサービスであり、現在、認知症対応型共同生活介護、いわゆるグループホームですが、また小規模多機能型居宅介護が指定された状況であります。在宅サービスの事業所も多く、施設サービス、在宅サービスを含め、市民の利便性は県下トップクラスと思われます。しかしながら、その反面、介護保険料は基準額4540円で、現在県下３番目の高さであり、その不満は確かに存在するところであります。これは、たとえ保険というものであっても、前にも述べました利便性が高いということをサービス利用者には納得しづらいこともあるかと思います。しかし、第３期の介護保険料所得段階を低所得者に配慮した８段階設定や、要介護認定者の障害者控除の証明書をいち早く実施するなど、努力をされております。また、地域支援事業においても、介護予防特定高齢者事業が軌道に乗りつつあり、地域包括支援センターは高齢者の相談窓口としてだけではなく、高齢者ふれあいサロンや認知症予防教室、運動教室などが地域で開催され、閉じこもりがちな高齢者にサービス提供をされれば、津島市の高齢者の生活の質は必ず向上し、いずれは介護保険料によい影響があることと確信いたしております。さらに、先進的な事業として、介護支援ボランティア制度という新しい事業も予算計上され、期待しているところであります。いずれの事業も、介護予防の評価方法や、いかにサービスの必要な人に働きかけるかなどの課題というのはあると思いますが、所管課が健康推進課になることにより、保健師さんが専門的知識や技術を駆使し、地域支援事業を展開していただけることと、介護保険制度がもっと市民に周知され、市民の立場に立ってできる範囲の改良や工夫をされることを期待して、平成20年度介護保険特別会計の当初予算の[STANCE]討論といたします。,議案第６号「平成20年度津島市介護保険特別会計予算について」,議案,賛成
sample-00046,愛知県,日進市,日進市  平成１１年　　９月　定例会（第３回）  09月28日－05号,26番（村瀬志げ子）,私は議案第58号平成10年度日進市一般会計歳入歳出決算の認定について、[STANCE]の立場から討論をいたします。[STANCE]の理由、指摘すべき点は６つに絞りました。１つは、予算規模が人口の伸びに比較して小さいということであります。市からいただきました日進の統計表によりますと１人当たりの市税、いわゆる税金は18万8000円でした。５年前に比較すると95.91％、４ポイント下がっています。それに比較して１人当たり幾ら予算を使ったかという額については28万9000円と、これも５年前に比較しますと91.16％、９％弱下がっております。いわゆるこれは市税の下がった分に比較しても予算規模が小さいということを私は物語っていると思います。その結果どういうことになったのか、今図書館建設とか学校とか下水道とか、いろんな事業が差し迫ってきてる、こういう実態をつくり上げてきたんではないか。このことがまず第１点目の指摘であります。第２点目は、市民のサービスの担い手である職員に関係する問題を指摘したいと思います。１つは、行政改革によりまして職員の定数が抑えられた結果どうなっているのか、市民サービスに直結する例えば保育園とか福祉会館とか給食センターなど、非常にたくさんの臨時職員で回しているというのが実態です。例えば保育園は正規の職員は95名です。そして、臨時の方は55名です。臨時の人が担任を持たなければいけないほど保母さんが不足をしている、これをあらわしています。福祉会館は正規の人は10名です。臨時や嘱託を合わせて９名です。半数以上の方たち、ほとんど正職員と同数の方たちが臨時です。会館によっては臨時の人が多いというところもあります。給食センターは正職員が22名、臨時や嘱託を入れると９名です。給食センターの調理員さんはずっと正規の職員でやっていらっしゃいました。なぜかということを聞いたら、何と給食センターの建てかえのときにひょっとしたら民間に委託するかわからない。そのときに正規の職員では困るということで補充を臨時しかやってこなかった。そういうことが明らかになりました。これがまず第１点目です。２つ目には、６級以上の職員に女性が少ないということであります。女性をべっ視をしているのではないかと私は質問をいたしました。いやそうではないと答えられました。しかし、現実はそのことを物語っていると思います。現にこの議場の中に女性職員は一人も見えません。このことについては女性をきちんとその人たちの責任ある部署につけて、育てていくというそういう努力が足らなかった結果だというふうに思います。３つ目には、ラスパイレスが年々下がってきています。96年度は99.7、98年度は99％です。職員の給料が下がっていることに対して努力がされていません。条例では15％まで特別昇給を認めております。私はこの特別昇給を認めている条例を使って、やはり職員の待遇を改善していく、このことはしなければいけなかったんではないかと思います。次に、業務委託と工事請負契約についてであります。委員長の報告にありましたように、指名願は2978社、指名業者数は387社です。しかし、受注業者が一部に偏っています。また、随契が多くてことしから入札にかえたところは、何とすごく大幅に契約金額が下がっている、そういう実態があります。そういう点では、昨年度は依然として随契が多かったんではないかというふうに思います。４番目は、清掃業務についてであります。ごみの収集委託料は１億4782万9500円、97年度と変わりません。昨年度は粗大ごみの収集を不燃物ごみ収集から外しました。これにも委託料をつけております。業務内容が変わってきたにもかかわらず委託料が同じという、これは私は非常に契約方法に問題があるんではないか、不透明ではないかと思います。日東衛生組合や尾三衛生組合の分担金についてです。搬入量が各市町によって大きく変わっているにもかかわらず、規約が改正されてないために人口が多い日進市が多く払わなければならないということであります。よく経費の節約ということを言われます。経費の節約を本当にするのであったら、こういうところにこそメスを入れて節約を果たすべきではないでしょうか。次に、教育委員会の行政姿勢について指摘したいと思います。学級崩壊といじめ、不登校の実態について質問いたしました。不登校の実態については報告されましたが学級崩壊といじめはないという答えでありました。学級崩壊といじめは全国的にも問題となっており、日進市がないということはないと思い、私は具体的な例を挙げて尋ねました。そうすると、正式には学校から聞いてないけれどと言いながら、次から次へと事例が出てくる。こういう学校の実態を議会にも報告をしない、こういうひた隠しにする私は教育委員会の姿勢に問題があると思います。これは学級崩壊やいじめだけではありませんでした。学校から学校の施設について職員の休憩室を設けてほしいとかいろんなのが出てますので、施設の要望はないかと聞きました。これもほとんどないという答弁で、施設の要望を報告するまで時間がかかるという実態をつかんでない、こういうことでありました。私は教育委員会が本当にもっと議会に対しても事実を率直に言って、そして問題を解決をしていく、地域と学校と家庭とで子供たちを育てていくと口ではおっしゃいますけれども、現実はひた隠しをするこういう行政姿勢には問題があると思います。最後に、がん検診や給食の御飯に対して国や県の補助金が年々カットをされてまいりました。昨年からは合併浄化槽の県の補助金もカットされてまいりました。これに対して今のところ市が何とか市費で負担してやってます。私はこの姿勢は続けていってほしいと思いますけれども、国や県に対して今まで市民の中に定着している事業について、補助金のカットを許さないと、こういう姿勢が必要ではなかったかというふうに思います。その点６つの項目を指摘をし、この決算の認定に[STANCE]をするものです。以上です。,議案第58号平成10年度日進市一般会計歳入歳出決算の認定,議案,反対
sample-00047,愛知県,日進市,日進市  平成１１年　　９月　定例会（第３回）  09月28日－05号,４番（福安克彦）,私は、議案第58号平成10年度日進市一般会計歳入歳出決算の認定について[STANCE]の立場から発言をいたします。本決算は、ほぼ予算どおり執行されており、事業につきましても計画どおり実施されており、適正であると判断しております。個々の事業では用地買収の一部不用額が多くなったところもありますので、今後の努力を要望いたします。また、黒字であることは極めて望ましいと思いますが、差し引き残額が比較的多く見受けられます。今後においては努力していただくよう当局に要望いたしまして[STANCE]の討論といたします。,議案第58号平成10年度日進市一般会計歳入歳出決算の認定,議案,賛成
sample-00048,愛知県,日進市,日進市  平成１１年　　９月　定例会（第３回）  09月28日－05号,17番（茅野正寿）,議案第58号平成10年度日進市一般会計歳入歳出決算の認定について[STANCE]の立場から討論いたします。委員長の報告のとおり一部不用額について今後よく検討され、適切な執行をされることを希望し、[STANCE]をする立場でございます。,議案第58号平成10年度日進市一般会計歳入歳出決算の認定,議案,賛成
sample-00049,愛知県,日進市,日進市  平成１１年　　９月　定例会（第３回）  09月28日－05号,１番（延藤良春）,議案第58号平成10年度日進市一般会計歳入歳出決算の認定について[STANCE]討論をいたします。この決算は議会の議決及び趣旨に沿って、適正かつ効率的に執行されております。昨今の厳しい財政状況の中で経費節減に努力されております。繰り越しも事業の進捗の道路整備の土地の収用の関係もあります。また、入札の残も含まれております。これからの時代、とりわけ21世紀に向けて大きな事業が控えております。市民からの要望を進めていくためには少しのむだもなくして、より効率のよい予算執行が必要な時代であります。先を見越した事業展開を図るために、全力を傾注していただきますことを切望いたしまして[STANCE]討論を終わります。,議案第58号平成10年度日進市一般会計歳入歳出決算の認定,議案,賛成
sample-00050,愛知県,日進市,日進市  平成１１年　　９月　定例会（第３回）  09月28日－05号,26番（村瀬志げ子）,議案第59号平成10年度日進市国民健康保険特別会計歳入歳出決算の認定について[STANCE]の立場から討論をいたします。まず第１点は、国保加入者の実態であります。7303世帯のうち所得階層ゼロの方は1543世帯、約20％です。106万円以下の方でしますと2578世帯、35％以下が106万円以下と、こういう加入者の実態があります。その中で１人当たりの保険料は17万2708円でした。収納率は現年度、また滞納分を入れると82.9％、努力はされておりますが、年々下がってきているのが実態であります。これはもう負担の精いっぱいのところまで来てるのではないかと思われます。この大きな責任は何を言っても国であります。国の負担金が45％から医療費の38.5％に改正されたことによって、国保会計は年々大変になってきたのは明らかであります。しかし、そういう中でも日進市は一般会計から政策的な繰り入れをして、今まで何とか国保料を低くするということを努力されてまいりました。しかし、この繰り入れも10年来ほとんど変わっておりませんので、国保の加入者がふえるに従って１人当たりの額が下がってきてるということであります。98年度は日進市は１万1006円です。名古屋市は３万4635円、東郷町は１万4750円、県下の市町村の平均は１万6858円でした。これを県下平均並みにすれば日進市の市民の方の国保税の負担も低くできたのではないか、またそういう余力も私はあったというふうに思います。その点において、今後はこの一般会計の繰り入れをされ国保税を下げると、こういうことを要望しながら認定には[STANCE]をするものであります。,議案第59号平成10年度日進市国民健康保険特別会計歳入歳出決算の認定,議案,反対
sample-00051,愛知県,日進市,日進市  平成１１年　　９月　定例会（第３回）  09月28日－05号,12番（武田司）,私は、議案第59号平成10年度日進市国民健康保険特別会計歳入歳出決算の認定について[STANCE]の立場から発言いたします。本市における国保の加入世帯のうち、所得が106万5000円以下の世帯は35.3％、そのうち所得が０円の世帯が全体の21.1％あり、社会弱者が多く加入をしております。このような状況の中、決算で予算も多く残り、一般会計繰入金も近隣市町の平均より低くバランスもとれており、健全に国保会計が運営できているため[STANCE]するものであります。,議案第59号平成10年度日進市国民健康保険特別会計歳入歳出決算の認定,議案,賛成
sample-00052,愛知県,日進市,日進市  平成１１年　　９月　定例会（第３回）  09月28日－05号,８番（白井えり子）,議案第59号平成10年度日進市国民健康保険特別会計歳入歳出決算の認定につきまして[STANCE]の立場から発言します。平成10年度決算では、歳入32億円に対し、歳出28億7000万円で３億3000万円の黒字になりましたが、単年度収支では歳入25億6000万円に対し、歳出28億7000万円で約３億円の赤字になっています。この３億円のうち２億円は老人保健と退職者国保の医療費の増加分です。高齢期の市民の健康づくりを進めることが今後の国保会計の安定運営のためにも最も重要なことということは明白ですが、こうした中にあって行政当局におきましては保険料徴収率の向上に努めつつ、医療費を過去４年の中で最低限に抑えることができたこと、また５年計画で総合健康指導事業への取り組みを開始したこと、さらには緊急時に備えた基金の積み上げを行ったことなど、評価に値する点が幾つかあると考えられます。しかしながら、今後繰入金で帳尻を合わせる会計の問題や保険料の引き下げ、介護保険の上乗せ徴収など国保にかかわる課題が多々あることは否定できません。私は行政当局がさらに一層市民の保健予防、健康づくりに力点を置いた施策を展開し、安定した国保運営に邁進することを要望して、決算の認定については[STANCE]するものです。以上です。,議案第59号平成10年度日進市国民健康保険特別会計歳入歳出決算の認定,議案,賛成
sample-00053,愛知県,日進市,日進市  平成１１年　　９月　定例会（第３回）  09月28日－05号,22番（牧達男）,議長のお許しがありましたので、私は議案第86号教育委員会委員の任命について[STANCE]の立場から発言をいたします。平成３年10月から２期にわたり教育委員として熱心に教育行政の進展に御尽力され、本年９月30日をもって任期満了となり退任されます志水丈治氏の後任として塚本有里氏は、市長が提案説明で述べられましたように人格が温厚で教育に対して強い関心を有し、北学区家庭教育推進委員会学習部部長を務められるなど、いろいろな活動にも積極的に参加をされ、地域での信望も厚く教育委員として適任者と存じます。したがいまして、同氏を教育委員会委員に任命しようとする本案に[STANCE]するものです。以上です。,議案第86号教育委員会委員の任命,議案,賛成
sample-00054,愛知県,日進市,日進市  平成１１年　１２月　定例会（第４回）  12月17日－04号,７番（後藤尚子）,私は、議案第95号財産の買入れについて、[STANCE]の立場から討論します。今回第95号議案にあります土地の買い増しについては、雑木林を残し、地形をできるだけ有効に利用するために、これまでの用地に加えて購入するもので、既に購入済みの土地の造成コストとの比較検討の中での追加購入についての英断は評価するものです。さて、新設校については、12月議会の本会議、委員会において、教育長、教育部長からも、地域に開かれた学校として学校図書館の開放や機能の複合化について語られました。また、市民参加という意味で、１月16日地域保護者との話し合いの日程が提案され、また地域の皆さんから出ていた具体的な要望、提案を十分生かしていくという答弁もいただきました。これまでなかなか実現されてこなかった事柄が、やっとここに来て提案されたという感があり、大変喜ぶものです。しかし、既に過ぎ去った時間は大きく、開校までのスケジュールは大変厳しいもので、保安林解除の申請から工事完成まで、平成14年開校のためには寸暇も惜しまず進めていただいても危ういという状態です。これまでの経緯の中で、ここに来て時間がないというのでは、市民は到底納得ができません。過ぎ去った時間と残された時間は、すべて行政の責任によるものです。21世紀の新設校にふさわしく、行政としての説明責任を果たし、十分な市民参加を行い、また先進事例をよく研究しながら進めていただけることに大いに期待し、これらに対する市民の期待を裏切ることのない進行をお願いして、議案第95号に[STANCE]するものです。,議案第95号財産の買入れ,議案,賛成
sample-00055,愛知県,日進市,日進市  平成１２年　　３月　定例会（第１回）  03月24日－05号,26番（村瀬志げ子）,私は、議案の第22号日進市国民健康保険税条例の一部を改正する条例について、[STANCE]の立場から討論いたします。市長の公約は、国民健康保険税の引き下げであります。この公約が今度の改正でどうなっているのかを私は検証いたしました。４月１日から介護保険料が上乗せをされます。１人平均年額１万7445円、全体の必要額は7000万円ということでありました。国民健康保険税の今回の引き下げは、資産割を100分の10から100分の５、限度額を51万円に据え置くことになりますけれども、それでもこの介護保険料を上乗せしますと１世帯当たり１万6784円という増税になります。これは公約違反ではないかと思います。また、その上に今回は介護保険料を８回で納入することになりますので、９月以降の本算定以降の国民健康保険税は非常に高くなる、これは明らかであります。各今全国の市町では、基金を取り崩したり、一般会計をただ入れたり、また国の特例給付を回したりして国民健康保険税そのものを引き下げて、介護保険料が上乗せされてもいわゆる保険料そのものが引き上がらないように努力をされているのは、新聞紙上でも明らかであります。私は、市長が公約が引き下げである以上は、そこまで努力をすべきではなかったか、この努力はされておりません。それによってこの条例案には[STANCE]をするものであります。,議案第22号,議案,反対
sample-00056,愛知県,日進市,日進市  平成１２年　　３月　定例会（第１回）  03月24日－05号,２番（渡邊明子）,私は、議案第22号日進市国民健康保険税条例の一部を改正する条例について、[STANCE]の立場から発言させていただきます。この条例は、介護を日本の社会全体で支えていく仕組みをつくる介護保険制度を支えるために必要な介護納付金課税額の算定等を定めることによって、介護納付金に必要な額を付加しようとするものであり、国民健康保険加入者への必要な税負担と考えられます。また、資産税割課税率の引き下げは、所得税割、均等税割での引き下げが望まれますが、健全な保険財政運営上必要なものであり、それでなくても負担感の大きい国民健康保険税が医療保険分に加え、介護納付金もあわせて徴収される国民健康保険加入者の税負担の緩和策にもなると考え、委員長報告のとおり[STANCE]するものでございます。,議案第22号日進市国民健康保険税条例の一部を改正する条例,議案,賛成
sample-00057,愛知県,日進市,日進市  平成１２年　　３月　定例会（第１回）  03月24日－05号,25番（片岡拓一）,私はただいま議題となっております議案第47号平成12年度日進市一般会計予算について、[STANCE]の立場から討論を行います。本予算は、佐護市長になってからの初めての予算であります。市民の期待は非常に大きいものがあったと思います。しかし、残念ながら、その市民の期待に十分こたえられた予算だというふうに考えられません。以下、[STANCE]の理由を述べます。本予算の歳入歳出197億4600万円、前年比８％の伸びとなっておりますが、この中には県よりの公共補償９億3786万4000円が含まれております。実質の予算規模は188億813万6000円であり、実質の予算規模は前年比で2.9％の伸び率となっております。これは人口の伸びと比例して伸ばしただけであり、前市政と変わっていない、このように思います。この予算は、市長の公約であります「見える、届く、変わる」を訴えて当選された市長の予算というふうには認められません。本市の財政状況は、日本共産党が代表質問で明らかにしたように、平成10年度決算で見ると、公債費比率が６％で県下で一番低くなっております。平成12年３月５日付の全国市議会旬報によれば、全国でも10％以下の市は316市で、全国の市のうちの１割にもなっておりません。また、経常収支比率は70.3％で、県下で市のうちで４位であります。１位から豊田市、刈谷市、安城市、次が日進、５位が小牧市であります。このような豊かな財政力を生かせてない予算である、このように思うことが[STANCE]の第１であります。第２の理由は、国や県の言いなりになっている予算だということであります。財政が一方では厳しい、このように言われながら、愛知高速交通株式会社の出資金400万円を計上しております。この会社に対しては、今後５年間で合計2300万円の出資金、また、無利子貸し付けは、2002年度から５年度にかけて6600万円を予定しております。合計8900万円にもなります。県の資料によりますと、この会社が運営する東部丘陵線の駅成圏人口しては、本市の人口は1100人というふうに算定されております。これだけでも明らかなように、ほとんどメリツトがなく、また、出資しなくても料金を払えばだれでも乗れるのが鉄道であります。もともと採算がとれるのなら民間の企業で運営するはずなのに、第三セクターでやるということは、これが採算がとれない事業だということが明らかだからであります。このような会社に出資をすることは、今後永久に赤字を引き受けていくというふうになると思います。ここに、根深い、国、県の言うことには何でも追従する姿勢があると、このように思います。第３の問題でありますが、この予算のうち、市民の声が反映していないというふうに思います。先ほど申しましたように、国や県の言うことにはすぐ対応できるのに、どうして市民がだれでも思っている市内巡回バスが充実ができないのか。道路については、例えば相手があることだからなかなか改善ができないという言いわけもできますけれども、巡回バスは予算をつければすぐできることであります。このような豊かな財政力を市民が願っている巡回バスの充実にぜひ向けていただきたい。市長も十分市民の要望は御存じのはずであります。こういう点で市長のリーダーシップをぜひ発揮していただきたい。以上のように、総務委員会の所管の事項に幾つか挙げまして[STANCE]の理由を述べさせていただきました。今市民は大変重い税負担に苦しんでおります。総務委員会の議論の中でもいろいろ出ましたように、切実なその市民の声にこたえて、市民が本当に大変な中で払っている税金を、ぜひ市民に還元していただきたい。目に見える形で市民の要望にこたえていただきたい。このことを強く主張いたします。さて、先ほど申しましたような県の公共補償金が、１億円以上ここの予算には組まれております。これは県から来る予算だからということで、私たちはそれを当然のように、あるいは名古屋瀬戸道路を引き受けるためにこのような見返りがあるというふうに考えることはできません。なぜならこれ自身も私たちの税金だからであります。同時に、県の財政が苦しいといって先ほど市長もいろんな点で言われていますように、例えば乳幼児の医療費の補助金を削るとか、そうして愛知県は万博を推し進めて名古屋瀬戸道路につけかえ道路、公共補償ということで日進市にこのようなお金を支出しているわけであります。私どもはこういう開発優先の政治を切りかえて、本当に市民の暮らしや福祉を充実する、こういう政治を、国の政治でもまた地方の政治でも何としても実現しなければならない。このために私ども日本共産党は、国政でも地方でも全力を尽くすということを表明いたしまして、この予算に[STANCE]するものであります。,議案第47号平成12年度日進市一般会計予算,議案,反対
sample-00058,愛知県,日進市,日進市  平成１２年　　３月　定例会（第１回）  03月24日－05号,１番（延藤良春）,私は議案第47号平成12年度日進市一般会計予算について、[STANCE]の立場で発言をさせていただきます。歳入につきましては、景気の低迷により税収を含め交付金の伸びが少なく、厳しい状態にあります。それにつけ加え、今年４月より介護保険制度を含めた行政の責任ある対応が求められております。人間の生活の中で一番大切なこと、それは老後の保障ある福祉社会ではないでしょうか。自立での生活が厳しい方々、また家庭の福祉の対応が今後厳しいとの立場から、介護保険が制度化され、その中で取り組まれていきます。この介護保険制度の体制が整うまでの予算への取り組みは、新規の福祉事業はしっかりと検討した中で取り組む必要があると考えます。そうして、これまで行政に大きな貢献をされてきた方々の不安解消、生活の安定を最優先に保障していくことの大切さを考えます。その予算の取り組みについては、行政も議会も個々の立場の主張があり、すべての市民が納得できる予算編成は不可能に近いと思います。個々の部分に問題があっても、全体の予算の内容も検討し、この予算を推進していかなければならないと考えます。最後に、福祉行政の中で、市民の安心を保障していくことができるかが行政の大きな問題の一つであります。しっかりとした取り組みを検討され、市民が安心した福祉行政の中で明るい生活ができることを要望して、[STANCE]するものであります。以上。,議案第47号平成12年度日進市一般会計予算,議案,賛成
sample-00059,愛知県,日進市,日進市  平成１２年　　３月　定例会（第１回）  03月24日－05号,９番（橋本圭史）,議案第47号日進市一般会計予算案について、[STANCE]の立場から討論をいたします。建設経済常任委員会所管部分について討論を行います。歳出第４款衛生費について、塵芥収集業務委託料予算は１億4010万8000円です。昨年度比784万8000円の減と、ほぼ横ばいであります。本来ならば、瓶、缶の分別収集日がふえ、不燃ごみの収集日は減っていき、予算はもっと減るはずであります。しかし、入札によらない随意契約は、情報公開を請求しても設計単価すら公開されない、不明朗な形で税金が使われていきます。ごみの減量や資源化が税金の節約には直接結びついていません。ごみ収集は特殊な技術ではありません。委託をするならば競争入札をすべきだと考えます。随意契約で不明朗に税金を使うのではなく、直営か競争入札で費用の節減を図るべきであります。また、米野木地内不法投棄問題について、本会議場では公図上では法律による許可が必要な3200平方メートル以上あるが、目視では違うと言われました。委員会では、県の立場は解決済みであるという立場でしたが、議会の追求の中で、県に対して議会で公図上の問題が出ていることを伝えると市長から答弁がありました。しかし、県にただそのことを伝えるだけでは疑惑は解明されません。県が解決済みとしたら、市が疑惑の解決を放棄するというのは、地方自治の実体がありません。県に対してねばり強く意見を言うとともに、市の責任で立ち入りや掘り返しなど必要な調査を行い、疑惑を解明すべきであります。また、墓園調査に関しては、1996年からの第６次実施計画において、市内各地の墓地について実態調査を行い、現況の問題点を把握し対応策を検討するとされました。それ以来調査のみが実施計画に記載され、今回の第10次実施計画においても、2002年度まで調査を繰り返すだけです。今年度予算には、調査費用すら計上されていません。市民から要望の強い市営墓地を建設する意欲が見られません。調査結果を早急に公表し、事業計画を立て事業に着手すべきであります。歳出第５款農林水産業費について、市民に要望の強い家庭菜園事業について予算がついておりません。審議の中で明らかになったように、市民からも要望の強い事業であります。早急に用地を確保し予算化すべきであります。歳出第６款商工費について、市内商工業者の現状把握について、不況の中で業者の経営は深刻な状態になっていることを市は認識すべきであります。私は市内業者を直接訪問し、実態をつかむことにより市の施策ができることを提案いたしました。しかし、市は、実態の認識をアンケート調査で行うという消極的な答弁でした。中小企業振興のために、いかに業者の実態をつかむかということは重要であります。また、三好町などでも採用されている市独自の融資制度などもなく、市内商工業者を守り発展させる予算ではありません。歳出第７款土木費について、市道事業の進捗がおそく、例えば折戸高松線は９年間もかかっております。区間がとりわけ長いわけでもなく、歩道の整備のみで９年もの歳月がかかるとは考えられません。重点的に予算も人も入れて、道路は１本ずつ重点的に短期間の間に整備すべきであります。歩道整備は部分的にインターロッキングやカラー舗装などの整備が見られるものの、幹線道路でも歩道が途切れている箇所が多く、体系的な歩道整備が望まれるものであります。また、区画整備事業については、例えば赤池箕の手地区は白紙になりました。厳しい都市計画区域の規制がかかっている場所について、地権者、住民の要望にこたえるまちづくりはしなくてはなりません。まちづくりは、まちづくりを区画整理のみにこだわるのではなく、こだわるだけでは地価が下落をしている中で地権者は大量の減歩を求められ、保留地も売れず、結果として事業が進みません。線整備、道路や公共施設などを先行して整備して、規制解除の条件をつくるべきであります。しかし、本年度予算案は区画整理にこだわり、重点的な公共施設や道路の整備について具体例がなく、線整備、点整備に踏み出してはいません。道路や公共施設の重点整備による具体的なまちづくりが求められるものであります。本年度予算案について評価できる点について述べます。瓶、缶収集を月２回にするという方針があり、評価ができます。西小学校分離新設校の用地確保を、区画整理が進まなくても、場合によっては先行して確保することもあり得ると答弁したことは評価できます。公園の整備について、用地の買収を、地主から要望があり周辺に代替地がない場合には行うということは評価できます。日進駅へのエレベーターの設置について、12年度中に整備をすることは、１年設置が延びたことは早急な実施を求める上では不満が残りますが、13年度に市が予算を支出しても設置するということは評価できます。全体としては、述べたとおり認めがたく、本年度予算案には[STANCE]するものであります。,議案第47号平成12年度日進市一般会計予算,議案,反対
sample-00060,愛知県,日進市,日進市  平成１２年　　３月　定例会（第１回）  03月24日－05号,３番（高木弘美）,私は議案第47号平成12年度日進市一般会計予算のうち、建設経済常任委員会の所管部分につきまして、[STANCE]の立場から発言をさせていただきます。地方分権により、財政的地方負担と行政需要が増加し、制度的改革、効率化、合理化が求められる中、主要幹線道路整備及び関連附帯事業、環境衛生事業、廃棄物資源化事業、ため池整備事業等、実施計画を重視した予算として適正と思いますが、区長さんなど各地区からの要望事業に対しましても、積極的、継続的に推進していただきますことをお願いし、委員長報告のとおり[STANCE]するものでございます。,議案第47号平成12年度日進市一般会計予算,議案,賛成
sample-00061,愛知県,日進市,日進市  平成１２年　　３月　定例会（第１回）  03月24日－05号,26番（村瀬志げ子）,私は議案の第48号平成12年度日進市国民健康保険特別会計予算について、[STANCE]の立場から発言をいたします。午前中に審議をされ採決をされました国民健康保険税条例のときにも[STANCE]討論をいたしましたが、その内容で、いわゆる１世帯当たり１万6700円有余の増税を含む今度の予算であります。私は介護保険の導入によって、国民健康保険税そのものの収納率が落ちるということが非常に懸念されている中で、増税を含んでいるような予算を組むということは非常に危険ではないかということを１つ申し上げます。もう１点目は、評価、これはぜひ守っていっていただきたいことですが、介護保険法ができまして、国民健康保険法の改正により、資格証明証とか短期保険証の発行をすることになるということが決まりましたが、日進市は当局の努力によりまして、当分いわゆる12年度においては、そういう保険証を取り上げるというような事業をやらないと、こういうことを確約していただきました。ぜひこれは守っていただきたいと思うことと、もう一つは、傷病手当の検討について自治事務になったから検討できる余地ができたんだということも答弁されておりますので、ぜひこれは研究をしていただきたい。私も２つの問題については、全国の資料を集め、また当局にも申し上げ、実現のために努力をしていきたいと思います。しかし、全体としてこの国民健康保険税そのものは、最高の方が58万円という途方もない額になりますので、そういう点での会計として[STANCE]をするものであります。,議案第48号,議案,反対
sample-00062,愛知県,日進市,日進市  平成１２年　　３月　定例会（第１回）  03月24日－05号,16番（正木和彦）,私は議案第48号平成12年度日進市国民健康保険特別会計予算について、[STANCE]の立場から発言いたします。本予算は、市の人口増加、また昨今の景気状況等による加入者の増加に伴う医療費総額の増加、加えて高齢化に伴う老人保健拠出金の増加など歳出総額が伸びる中で、過度の保険税負担を避け、基金の取り崩しにより、財源確保を図るものであります。そうした中で成人健診助成事業、総合健康指導事業及びレセプト点検事業の継続など、保健事業の推進、医療費の適正化を図るもので、行政の医療費抑制に対する姿勢は評価できるものであります。また、平成12年度より開始されます介護保険法に基づく税の負担についても、適正なものであり、委員長報告のとおり[STANCE]するものであります。,議案第48号平成12年度日進市国民健康保険特別会計予算,議案,賛成
sample-00063,愛知県,日進市,日進市  平成１２年　　６月　定例会（第２回）  06月26日－04号,10番（後藤尚子）,私は議案第74号について、原案に[STANCE]の立場で討論します。私は今回の討論を議会の責任と市民の願いという論点から討論いたします。私たちは議会制民主主義のもと、それぞれ市民から支持を得て、26人により議論を尽くし、正しい議論と結論を導くべく信託を得、議会にある者です。議会制民主主義とは、市民が全員で議論、結論を得ることはできないため、選挙によりそれぞれの有権者の考えや願いを強く受けとめ代弁しながら、その進むべき方向を見つける役割である議員が議論を尽くし、結論を求め、市民に示す手法であると考えています。議員必携には、議論、採決に対し、議員は単に選出母体の利益や意思、また自分に投票してくれた人の願いのみで判断するのではなく、広く市民の意思や願いを把握し、議論し、採決に臨むべきであると書いてあります。今回の第74号議案について、私たち日進市議会は、昨年12月議会において継続審査の結論を出しています。そのときの論点は、１つ、６歳までの通院医療費の無料化を同時に実施すべきであり、財源確保について行政当局は検討を早急にすること、という大勢を占める積極的主張と、２つ、６歳までの通院を含めると、その必要な財源は大変膨大なものとなるため、他の施策とのバランスの問題で、まず６歳未満児の入院を第１ステップとするべきであり、この議案の成立を待っていらっしゃる市民もあり、継続審査とはしないで、即時原案可決すべきであるという少数意見で議論されました。12月議会の議論の内容を12月の議会だよりや新聞報道を読んだ市民の皆さんからは、前進することはあっても後退することがあるはずのない議論の内容ととらえ、大きな期待と早い時期の可決を望む声がたくさん聞かれました。ある方からは、きょう、明日という急ぎの手術ではないので、無料化が決まったらすぐに入院手続をしたいという、一日も早い無料化実施を望む切実な声も聞かれました。12月議会から早６カ月、子供はどんどん成長し、子育ての難問は毎日やってきます。子育て中の親さんにとっては、議論を積み重ねる中で、一日も早い結論、施策の実施が望まれるところです。12月議会の結論、すなわち６歳未満児の通院医療費を含めるために継続審査としたという、この議論に寄せられる市民からの信頼にしたがって、議論を前に進めることが議会の責任であると私は考えます。議案第74号は、通院は１歳上乗せした４歳未満児、入院については６歳未満児を対象とし、さらに県補助カット分の市負担を合わせたものです。財源的には厳しいながら、12月議会での継続審査の議会の意思を酌み、また少子化問題の課題である育児の費用の個人負担の増大を抑え、子育て支援の大きな柱となるものであると考えます。12月議会での議論を踏まえるならば、さらにこの施策の一日も早い実施を望む市民の声を真摯に受けとめるならば、議案第74号について原案可決とすることが議会の責任であり、市民の政治への信頼にこたえることであるはずだと考えます。議員各位の賢明な御判断で原案可決となりますよう、原案[STANCE]の立場で討論するものです。,議案第74号,議案,賛成
sample-00064,愛知県,日進市,日進市  平成１２年　　６月　定例会（第２回）  06月26日－04号,１番（延藤良春）,議案第74号日進市乳児医療費支給条例の一部を改正する条例について、[STANCE]の立場から発言いたします。福祉の充実は、できればすべてにわたり推進していくことはだれでも望むところであります。これからの時代、少子化から高齢化への福祉は予算の大幅な伸びはあっても、縮小していくことはないと思います。しかし、今なぜ福祉の充実かに不安を感じます。特に今回、現状の経済不況の中で、県が補助金のカットをなされております。これから先の県の対応にも不確定の要素があります。また、行政も予算の伸びの可能性には厳しさには変わりはないと思います。福祉の充実した取り組みは持続が必要であります。県の補助金カットの肩がわりも大変なものがあります。それでも市町村ではその対応に苦慮しているのが現状であります。町村の３分の１が一部負担金の導入の予定と伺っております。また、今回より導入の介護保険制度の導入により、その対応の不安定要素もあります。これからの問題を含めて、行政も議会もしっかりとした話し合いの中で、一歩ずつ推進していかなければならないと考えます。福祉の充実が後戻りのしない推進がなされていくべきであります。また、近隣市町村との調整も欠かせない要件と考えます。このような立場から、今回の第74号について[STANCE]します。,議案第74号日進市乳児医療費支給条例の一部を改正する条例,議案,反対
sample-00065,愛知県,日進市,日進市  平成１２年　　６月　定例会（第２回）  06月26日－04号,11番（白井えり子）,議案第74号日進市乳児医療費支給条例の一部を改正する条例について、原案に[STANCE]の立場から発言します。日進市が出生率の増加率が日本一という状況が数年続いている街です。少子化対策に頭を悩ませる自治体が多い中で、日進はお年寄り対策は当然のこと、他の自治体にはない子育て支援策を打つ必要があります。そんな中で、特に若い親から要望の高い６歳未満児の入院医療費の無料化は早期に実現すべき事柄であり、緊急の課題であります。なぜなら、子供の入院については、入院費そのもの、また長期になる場合は共働きの、特に母親が退職を余儀なくされたり、兄弟のシッター代がかさんだり、三重に経済負担がかかってくるからです。私は現在の財政状況の中で、負担可能な年1500万円程度上乗せの入院費助成にまず実現化を図り、その実施状況を見ながら、今後の充実を推進すべきと考えます。一部に通院費も含めた６歳未満児の無料化の案は、子育ての知識の普及啓発や子育て条件整備が十分進んでいない中、支出が青天井になるおそれもあります。老人医療費の轍を踏まないためにも、段階的な目標とすべきだと思います。第74号議案では、入院費の無料化、通院についても、県の３歳に１歳上乗せをし、４歳までを範囲とし、また県の一部負担も市で持つという現在の日進市の財政状況の中では最大限評価できる案と考え、[STANCE]するものです。また、事務処理等も愛知県絡みであり、愛知県の条例改正が８月に実施されることから、日進におきましてもそれにあわせて今回条例改正することが事務処理コストの軽減につながり、最も適当と考えるものです。以上、[STANCE]の立場から討論とします。,議案第74号日進市乳児医療費支給条例の一部を改正する条例,議案,賛成
sample-00066,愛知県,日進市,日進市  平成１２年　　６月　定例会（第２回）  06月26日－04号,４番（福安克彦）,私は議案第74号日進市乳児医療費支給条例の一部を改正する条例について、[STANCE]の立場から討論をいたします。市長は、さきの３月議会の施政方針の中で、行政は最大のサービス事業である、顧客である市民には優しさをもった行政運営をし、常に市民にサービスを努めるとされています。そこで、市長の公約の一つである日進市乳児医療費支給条例の一部を改正する条例について、昨年の12月の議会にて継続審査と決しました。その後、３月議会、議案第94号では撤回ということ、撤回の理由の説明の中でも、議会との調整を図りながらと表現をされましたが、その後相談も議論もなされぬうちに再び議案第74号にて上程されました。その間、新聞紙上の中でも議会との調整がつかずと、再三活字に出ていましたが、市長は議会の調整をいつなされたのか、いつ相談、議論をなされたのかと、一般質問の中でもなされていましたが、そのことについても明確な回答はなされぬうちに、議案第74号は上程されました。１月に愛知県が乳児医療費の一部負担金を導入することで、本市はその肩がわりをすることにより、３歳児未満の一部負担金は年額約2500万円の持ち出しとなるわけです。仮に市長が公約の６歳児未満入院医療費負担、新政クラブが要望とする通院費は約年額１億2000万円、この両面の財源が必要となるわけです。一つの例を挙げるに、あったか給食の件につきまして、さきの４月１日より実施する計画がなされていましたが、予算が通ったにもかかわらず、７月にずれたと市民の声を聞くことに、準備ができなかったという理由だけでは到底納得ができるものではありません。さきに述べた市長の施政方針の中で、行政は最大のサービス業であるということと相反することになるわけです。市民に戸惑いを与えることになるわけです。市長は市民サービスを前面に出していることから、優しい行政、戸惑いのない窓口サービスであってほしいものです。このたび議案第74号も本日26日より数えてほぼ１カ月という短期間のうちに、市民はもちろんのこと、市内69医療機関が対象となること、さらに本市は大都市名古屋に隣接していることから、本市以外の医療機関を利用されることが極めて多く、たった１カ月の間に周知徹底することは極めて不可能と思います。特に本市市民にトラブルの発生することなく、また理解を求めるためにも、議案第74号は市民に与える影響が多大であることから、責任ある判断をすべきであると思います。ときに市長は、議案第74号以上に早期に実現をしなければならない事業が山積しておることから、一つの例をとってみるに、昨今の経済情勢が衰退いたしておる中でも、本市が計画なされているビッグプロジェクト、南小学校分離校の建設、図書館建設、さらに香久山福祉会館、南部公共下水道等々、極めて重要かつ大きな事業が山積していることは、私が申し上げるまでもなく、市当局が十分認識しておることから、このビッグプロジェクトを積極的かつ的確に施策事業推進に力を入れていただきたく、大いに期待するものであります。そのためにも私は、議案第74号日進市乳児医療費支給条例の一部を改正する条例に[STANCE]するものであります。以上です。,議案第74号日進市乳児医療費支給条例の一部を改正する条例,議案,反対
sample-00067,愛知県,日進市,日進市  平成１２年　　６月　定例会（第２回）  06月26日－04号,３番（折原由浩）,議案第74号日進市乳児医療費支給条例の一部を改正する条例について、[STANCE]の立場から発言をいたします。日進市は藤岡町とともに、子供の増加率においては県内でもトップクラスの市であります。それが本市の特徴でもあります。愛知県は、歳出削減を名目に、個人負担の導入、実質的な補助金カットの方針を打ち出しておりますが、それにとらわれずに本市の実情にあわせた施策を展開していくことは、地方分権が叫ばれている中、大変重要なことであると私は考えます。核家族化、共働き家庭の増加など、子育てをめぐる環境は厳しいものがあります。子供の増加が著しい本市にあって、乳児医療の支給年齢の拡大は子育てを側面から支援する上で必要不可欠なものであり、本条例の改正は本市施策の独自性のあらわれと評価すべきものであると考えます。具体的には、地方分権の初めての試みとし、高齢化対策では介護保険制度が４月スタートし、自治体間での保険料が違いが生じております。その市町村がその地域の事情に即した独自の施策を実施され、市町村間での地域間競争の時代に入ったと言えます。一方、少子化対策としては、核家族化等の対策としてファミリーサポートセンターなど、実施に移りつつありますが、21世紀の日本の人口予測では現在の出生率でいきますと、現在の人口１億2000万人の人口が100年後には6000万人になるとの数字も示されております。言いかえれば、これが日本の危機と言えます。教育費など、子育てをする上で経済的負担が大きいとの理由が一番の原因と思われます。本議案は、このような将来を考え見据えた地方自治体ができる具体的かつ経済的な少子化対策の施策の第一歩として、先進的な施策と言えます。財政負担についても今後の日進市の財政事情は大変厳しいものが予想されますが、将来を考えた先行施策を選択されたと評価できるものであります。地方分権も考慮し、本市の実情に即した先進的施策に対し、議員諸侯の賢明なる御判断を願い、[STANCE]するものであります。以上です。,議案第74号日進市乳児医療費支給条例の一部を改正する条例,議案,賛成
sample-00068,愛知県,日進市,日進市  平成１２年　　６月　定例会（第２回）  06月26日－04号,８番（正木和彦）,私は議案第74号日進市乳児医療費支給条例の一部を改正する条例について、[STANCE]の立場から発言いたします。乳幼児の医療費の無料化は、これまで３歳未満児について無料サービスをしてまいりました。本市も名古屋市など周辺の他の多くの自治体においてもしかりです。もちろん、御存じのように、これまでは愛知県から一部補助を受けて実施してきたわけであります。が、この補助も県の財政の逼迫のため、打ち切られてしまいました。これからは県下どこの市町村においても、県のカット分の補充手当をしなければならなくなったわけであります。そうした厳しい状況下にあって、今回市長の公約であるからといって、性急にこの免税幅をさらに広げることになれば、その影響ははかり知れないものです。本市における職員もふやさなければなりません。また、経常経費もさらにふえてきます。財政に与える影響は、はかり知れないものになり、心配されてなりません。また、その周知徹底に十分な時間がないまま、性急に実施すれば、本市のみが突出することになり、仮に名古屋市などの周辺市町村で治療を受けた場合、医療機関での窓口トラブルが多々考えられます。以上、この議案を十分な準備期間のないまま性急に実施すれば、後戻りすることができず、ただいま申し上げたような多大な費用の負担の発生と、受ける側の市民のみならず、関係当局での混乱が心配されてなりません。したがって、私はこれまでのように、現行の３歳未満児の医療の無料化を継続することが適当であると考え、この条例に[STANCE]するものであります。以上です。,議案第74号日進市乳児医療費支給条例の一部を改正する条例,議案,反対
sample-00069,愛知県,日進市,日進市  平成１２年　　６月　定例会（第２回）  06月26日－04号,19番（山本三義）,私は議案第74号日進市乳児医療費支給条例の一部を改正する条例について、[STANCE]の立場から発言します。議案としてこの条例が上程されるまでの経緯は、市長の選挙公約ということで、昨年12月議会に乳児医療費の支給の範囲を入院医療の医療費について、３歳未満児から６歳未満児までの拡大を図るというものでした。その時点で、愛知県は現行の３歳未満児の入通院医療費の県負担の削減分を受診者本人に負担させるという案が具体化しておりました。そこで、議会議員として県及び他の自治体の動向を見きわめた上で判断すべきと示し、行政施策の全体の中で市の財政力、他施設との比較及び事業の公平性等の検討を市に求め、検討の要望をし、継続審議となったものであります。その後、３月議会で市長は、十分な調査、調整をしたいという理由で議案の取り下げをしました。そして、６月定例会に入る直前に４歳未満児までの通院と６歳未満児までの入院についての医療費の一部負担を受診者に求める案を６月議会に上程すると、担当部局から説明がありました。しかし、この案は現行制度に比べ、大幅に乳児医療費制度を後退させる内容でした。すなわち、県の助成削減分を受診者本人に負担をさせるとの内容であります。私は、この改正案は常識的な案ではなく、現行福祉の大幅な後退という点からも認められるものではないと主張していました。その後、本議会への追加上程ということで、本条例が出されました。その内容は、４歳未満児までの通院と６歳未満児までの入院医療費の支給、市の負担範囲の拡大という内容です。当局の説明によりますと、愛知県下31市のうち、28市が県の助成分の削減分を市が負担をするという状況とのことであります。現行の３歳未満児についての入院及び通院を市民に負担をかけず、市で負担をするという状況です。日進市よりもはるかに財政基盤の強い、そして都市基盤が進んでいる先進市でさえ現行を継続するという結論です。これは財政負担や各市の状況を総合的に検討した中での各市の行った判断です。今日の市民ニーズを反映するとともに、事業の継続性を考慮した行政施策の選択であります。本市の乳児医療費の支給の対応は、市長は公約を実現することだけに目を奪われ、本市の今後の財政全体に対する配慮のないものとしか思えません。新しい事業を展開する場合、十分な調査と納税者である市民やその代表である議会への説明が必要です。執行者は実施に当たって、絶対の自信がなければなりません。しかし、今回の改正は猫の目のごとく二転三転をした結果、市民福祉の向上を掲げたり、一転して乳児医療費制度の後退を維持したり、あるいはまた大幅修正案を掲げたりとし、一貫性がなく、一体どこに真意があるのかわかりません。このたびに幾度もの議案のつくり直しや調査、検討、説明等々に膨大な時間や経費を費やしております。また、市長は議員に対する説明、調整をすると３月議会で約束をしておきながら、担当職員に任せっきりにし、市長、助役は何の行動もしておりません。だれと協議をしているのかわかりませんが、少なくとも重要案件と位置づけ、公約の実現をいうならば、及び腰ではなく、信念を持って積極的な説明をすべきであります。また、議案の実施を８月としていることから、とても住民への周知はできません。混乱を招くことは目に見えています。公約の実現にも十分な調査、調整を行っていただきたいと思います。最後に、私を含め、この議案を巡って市民に対し、市行政への不信感を与えたことは、大変残念であることと申し述べさせていただきます。以上、申し述べてきた理由から、私は本議案に対して[STANCE]するものであります。以上です。,議案第74号日進市乳児医療費支給条例の一部を改正する条例,議案,反対
sample-00070,愛知県,日進市,日進市  平成１２年　　９月　定例会（第３回）  09月26日－05号,26番（村瀬志げ子）,私は、議案第75号平成11年度日進市一般会計歳入歳出決算の認定について、文教民生常任委員会の所管部分についての問題点を出し、[STANCE]討論を行います。まず第１点は、保育行政についてであります。保育料について、尾三７市の表をいただきました。その中では、日進市は、瀬戸市に次いで高い保育料であります。このことが、まず１点目。それから、保育園の職員の問題でありますが、委員長の報告にもありましたように、正規の職員がほかの部署へ配置され、その後に臨時職員で充てていること、今ではそれがクラス担任まで臨時職員が充てている、これは、私は正常な保育園の業務だというふうには思いません。その点を指摘したいと思います。２点目は、福祉施設の利用の問題であります。使用するたびに名簿を書かなければいけない、また相野山福祉会館の場合は、利用団体のすべての名簿を提出を求められる、この問題については、本会議場でも指摘をいたしましたし、他の日進市の施設、例えば市民会館、スポーツセンター、図書館等利用する場合は、何ら名簿の提出を求められることはありません。この名簿の提出については、個人情報にも問題があるし、それから管理上、必要だと言いますが、そのことについて、何ら私は名簿をもらわなくてもいいんではないかという点を、２番目に指摘したいと思います。３番目は、学校の小・中学校の需用費のことについてであります。５年前の資料、そして11年度の決算をいただきました。例えば、小学校の１人当たりは、５年前は１万6109円でした。11年度は、１万3537円というふうに減っております。また、中学校は２万7230円から２万1555円のように、需用費そのものがこんなにたくさん減らされている、そして委員会の中では、この需用費の中でうまくというか、工夫してやってほしいと言われ、そのように学校には頼んでいるというふうに教育委員会は言われましたが、実際問題お金がこれだけ減らされれば、私は限界があると思います。行き届いた教育には、この予算、需用費では、私は十分ではないというふうに指摘したいと思います。４つ目は、小・中学校の運動場の面積を資料としていただきました。西小学校が、１人当たり11.19平方メートル、香久山小学校が9.77平方メートル、日進西中学校は18.7平方メートルと、非常に多いところもありますけれど、これは少ない。この現実がどういうことなのかというと、部活動が十分にできないということなどがあります。この問題については、今マスタープランの見直しを立てておりますので、ぜひ運動場の面積についても、今後考えていただきたいというふうに思います。それから、文化財保護費が、もう年々減ってきています。質問したところ、学芸員の仕事が、今埋蔵文化財の発掘仕事を中心にしていて、ほかのことは手が出せないような、予算が要らないような、事業ができないようなことを言われました。私は、文化財保護というのは、その学芸員の方の、１人の事業ではなくて、社会教育課全体の事業だというふうに思います。そういう点でも、この文化財保護費の減が、余りにも大きいというふうに思います。また、よかった点については、相野山福祉会館が昨年オープンし、非常に多くの市民が利用しております。これは、市民の要望にマッチした施設であり、ということがあると思います。ぜひこの相野山福祉会館の、今香久山福祉会館を今度建設しますが、それに引き続いて、北部の地区にもこのような福祉会館の建設など、十分やっていただきたいと思います。私は、この[STANCE]討論に当たり、予算が審議されたときの議事録を見返してみました。その中には、今市民は、日進の市政を何とかしてほしい、流れを変えてほしい、こういう願いがあると、そういう願いに対して山田市政はこたえていないんじゃないか、そういうことで[STANCE]討論したと覚えております。それが、結果として、昨年度は市政が佐護市長にかわりました。ここに市民の政治の流れを変えてほしいという一つのあらわれです。しかし、その立場で見ますと、市長はかわりましたけど、残念ながら行政の内容については、１年でがらりと変わるとは思ってはおりませんが、その上でも、まだ出てないということを、この決算審議の中で思いました。以上のことを、問題点を指摘し、第75号について[STANCE]をするものです。,議案第75号平成11年度日進市一般会計歳入歳出決算の認定,議案,反対
sample-00071,愛知県,大府市,平成10年第1回定例会-03月23日-04号,19番議員（村上敏彦）,議案第6号、水道法の改正による給水条例の全部改正について、[STANCE]の立場で討論を行います。この法律は規制緩和の一環であるというふうに思います。さて、この法律の内容でありますけれども、質疑の中でもメリット、デメリットがあると言われております。しかし、メリットが本当に市民にとってプラスになるかといえば、そうではないというふうにも思われます。そういたしますと、デメリットの方が多くなるとこういうふうにも危惧されます。その1つは、現行の法律によって、市内の指定業者の生活と営業は守られておりますけれども、いわゆる全国ネットになったときには、市内業者の中からも声として伺っておりますけれども、実際に仕事がなくなってしまうんではないかとこういった不安も大いにあるわけであります。これは権利が守られなくなり、生活ができなくなるんではないかといった点であります。2つ目には、大手の企業が参入できると同時に、下請け化、こういったへの窓口を開くと思います。これによって市民に安心できる給水が保証されるのかどうか。さらに、アフタケアがおろそかになるなどの指摘がされておる。アフタケアについては、市内業者に負担がかかるなどの点も危惧をされております。こういった点で、この現行法は[STANCE]をいたします。以上です。,議案第6号,議案,反対
sample-00072,愛知県,大府市,平成10年第1回定例会-03月23日-04号,28番議員（山口広文）,議案第11号につきましてですね、[STANCE]の立場で討論をいたします。参考資料にもですね記載されていますように、今回は基金の設置目的が拡充をされるということが大きな内容であります。平成9年までの庁舎の建設からですね、事実上、庁舎の建設事業とこういうふうに進んでいくわけでありますけれど、平成9年度もごらんのようにですね、年度に入りまして、すぐ市民のいわゆる合意だとか説明も極めてですね、少ないところへの説明しかやっていません。今一度ですねいわゆる行政全般を見ながらですねこの時期がどうなのか、こういったやはり住民合意がされないままですね、いわゆる決めたことだという姿勢が貫かれているというふうに思うわけでありまして、こういった点でですね、本議案については[STANCE]をしかねるということであります。以上です。,議案第11号,議案,反対
sample-00073,愛知県,大府市,平成10年第1回定例会-03月23日-04号,19番議員（村上敏彦）,基本的には[STANCE]をいたします。一言意見だけを申し上げたいと思います。議案第12号は地方税法及び地方財政法の一部改正ということでありますが、もとは景気対策の一環として急遽取り組まれた施策であると、長引く不況打開のためであります。さて、この不況の問題でありますけれども、根本的な問題点については、国の内外からも指摘をされています。昨年4月からの消費税率の2％の引き上げ、上乗せや9月からの医療費の大幅な国民負担増と合わせた9兆円負担増によることは周知の事実であります。こうした点からしますと、消費税率の上乗せは全くの橋本内閣の失政であることが明らかになったと思います。今回の減税は不十分ではありますが、単年度で終わることなく実施すべきであることを意見として申し上げます。なお、私ども日本共産党は消費税率3％に戻すとともに、さらに5兆円の減税を実施すべきことを提案していることを付け加えて討論といたします。以上です。,議案第12号,議案,賛成
sample-00074,愛知県,大府市,平成10年第1回定例会-03月23日-04号,19番議員（村上敏彦）,議案第24号に[STANCE]の立場で討論を行います。基本的に[STANCE]の理由を申し上げますと、日本共産党は現行、消費税率5％を3％に戻すとこういった態度をとっておりますけれども、原則的には消費税廃止という立場であります。こういった点から、使用料にですね課税されることが[STANCE]の理由であります。特に新年度については、昨年4月から消費税率が5％へ引き上げられ、これによって市民の負担が増加、消費税率の増加分を含め、約1000万円の市民負担増になっていることであります。さて、2、3の意見を述べさせていただきます。昨年後半に公共事業費の10％のコスト削減について指導がありました。こうした中で、いち早くコスト削減に取り組まれたようです。その成果なのか、3月の補正で提案ありましたように、移転補償費の削減に努められ、この結果4億2000万円の経費を節約されたことについては評価をいたします。さらに新年度についても、一層のコスト節減に向けて努力をお願いをしたい。さらに、使用料金の収入増を図るためにも、公共下水道工事区域の効率的な拡大とともに、供用開始地域内の集合住宅地を優先的に水洗をし、面整備の拡大を大いに図っていたきたい。最後に、これも毎年意見として申し上げておりますけれども、特別会計予算で補足説明がありましたように、水洗化改造資金の融資の件であります。いろいろ努力はされているようでありますけれども、市内金融機関の理解が得られないということですが、市民のサービス向上にもなりますので、引き続き交渉の努力をしていただくよう意見を申し上げましておきます。最後に、消費税の課税以外については、需要については異論のないところであります。これで討論を終わります。,議案第24号,議案,反対
sample-00075,愛知県,大府市,平成10年第3回定例会-09月25日-04号,28番議員（山口広文）,議案第53号についてですね、議会運営委員会の結論に[STANCE]をするということで、報酬を引き上げるべきではないとこういう立場でですね、討論させていただくわけでありますけれど、議会運営委員会の中でもいろいろ議論をさせていただいた中でですね、1つにはですね、今の状況がどうなっているかということについては、市長もですね重々わかっておるとこういう答弁がされているわけでありますけれど、例えば愛知県がですね5ヵ月間の5％カットというのは委員長報告にございましたけれど、いわゆる県は当初予算で強気で予算を組んでありますけれど、大府市の場合ですと、特に法人市民税について減収するであろうとこういうことで、あらかじめ低く予算を組んでいると、この違いだけなんですね、そういった点では。いずれにしても、県も市もですね、予算上を見ましてもですね、あるいは県も補正を組まざるを得ないわけでありますけれど、数字的にやはり今の経済状況というのがこういう中で出てるわけです、そういった点ではね。特別職の報酬の考え方というのは、いわゆる行政当局は、あるいは議会の多くの皆さんの中にですね、いわゆる他市町村の比較ということがよく言われるわけでありますけれど、これはやはり第二義的なものであると私はかねがねそう思っているんです。なぜならば、ごらんのように、人件費等に対しますですね補助金というのは一切ございません。それはやはり市民の税金で、こうしたやはり経費を支払うわけですから、市内の景気だとか市民の所得動向、こういったものがやはり一番先にですね判断の材料として出なくてはいけないとこういう立場で見ますとですね、今年はやはりとてもですね上げる状況ではないということは多くの皆さんが、やはり認識上はですね一致できる内容ではないかというふうに思っているわけです。したがってですね、この点で多くは語りませんけれど、やはり上げるなんてことはやはり市民から見ましてもですね、とても理解できないという声が大変多いというのが今年のですね、とりわけ率直な特徴ではないかというふうに思っています。それから、今、この場で議決をするわけでありますけれど、去る9月10日の日にですね、ごらんのように議員定数問題が主にですね、行政改革を議会もですね執行部に遅れることなくやらなくてはいけないと、こういう主な理由でですね削減をしたわけでありますけれど、議会費、私が数字的な経緯もるる述べさせていただいたわけでありますけれど、やはり伸び続けている要因はこういった報酬の点にあるということですね。片方でやはりあたかもですね正論なごとくですね、いわゆる議会も行革に取り組んでいるとこういったことを言っておきながらですね、唇乾かない間にですねすぐ上げるとこういうやはり論理というのは、市民からとても納得できるこういった議論ではないだろうというふうに思うわけであります。したがってですね、議会はやはり政策の推進役と同時に提言役でありますけれど、同時にやはり市民のですね気分を十分代弁をしてですね、今日の状況の中では当然やはり据え置きをしようということをですね、役割を果たすのが議会の本来の役割であると思います。したがってですね、他の議員の皆さんぜひこのことはですね、肝に銘じていただきたい、この本会議で否決をしていただきたいと。市長がいわゆる言ってみれば政治家としてのこうしたやはり器量が発揮できない今日の状況の中ではですね、議会がやはりその役割を果たさなかったら、誰が果たすわけですか。ぜひその点でですね、本報酬の引き上げについてはしないようですね、[STANCE]の討論といたします。以上です。,議案第53号,議案,反対
sample-00076,愛知県,大府市,平成10年第3回定例会-09月25日-04号,23番議員（久野栄一）,親和クラブを代表いたしまして、[STANCE]討論をいたします。経済情勢が非常に厳しい中をこのたび大府市特別職報酬等審議会から類似団体との比較、民間及び人事院勧告による給与改定などを参考にした報酬引き上げの答申が提出され、上程されました。私たちはこの答申書を尊重し、[STANCE]すべきであるとの判断をいたしました。私は日本経済が長期的に低迷する状況下で、今回の報酬アップの答申の背後には、私たちに対して一定の評価をしてくださり、今後への大いなる期待が込められているのではないかと確信し、その責任の重大さを痛感しながら[STANCE]する一人でございます。特に、答申書に述べられているように、行政改革への積極的な取り組み、議会の効率的な運営など、より一層推進して、市民の付託にお応えするよう誠心誠意努力することを決意申し上げ、[STANCE]討論といたします。なお、議案第54号、55号に対しましても同じような趣旨でございますので、省かさせていただきます。,議案第53号,議案,賛成
sample-00077,愛知県,大府市,平成10年第3回定例会-09月25日-04号,19番議員（村上敏彦）,議案54号については、委員長報告に[STANCE]の立場から討論を行います。先ほど山口議員からもるるいろいろと申されましたので、重複しないようにですね、討論をしたいと思います。まず、国全体の景気の悪さについては、経済企画庁がこれ発表しております。この発表は3期連続のマイナスは過去は一度もなかったとこういった表明がされたわけであります。しかし、こうした社会情勢に対する市長の認識は甚だしいものがあると、認識不足ということでね。2点目には、総務委員会審議の中でも明らかにされた市内の法人倒産、廃業件数が過去3年間で43件と非常に厳しい状況にありながら、こうした状況を真剣に認識されていない、今後さらに銀行等の貸し渋りによる倒産などが大きく予測されます。ただ、言葉上、厳しさはわかっていると言葉をもてあそぶようで、切実にわかろうとしていない気持ちがないことであります。3点目については、以上の2つの理由から法人市民税の落ち込みがさらに見込まれ、財政面で大きな影響が予測されること。こうした状況にある中で、3年連続して市長以下3役給与を引き上げることである。とりわけ、市長は市の職員ではなく、市民から選出をされた大府市のトップであり、政治家であります。政治家たるものは、先に述べた社会状況や、あるいは税減収による財政面での影響を敏感に受け止め、自分の給与の引き上げは答申がされても、凍結あるいは減額といった修正を行うべきであると思います。しかし、あいかわらず答申を尊重する、この一言で済ます態度は市民の感情を逆撫でするものであり、怒りを覚えております。さて、最後に、委員会でも申し上げましたけども、営業者やあるいはサラリーマンの声などを訴えておきたいと思います。1つは、零細企業主、「昨年と比べ20％以上マイナスをしている。自分のところも火の車である。しかし役所は、市長の年収は2000万ですかと。生活費にどうしてそんなにお金がかかるのか。また、道路が悪い。大きな病院がない。また立派な庁舎は建てる。新駅に数十億という、大府市にそんなお金があるんですか。お金があるのなら、市民の要望である道路整備、とりわけ、子どもの登下校は安心して安全に通行できる歩道をつくってもらいたい。それから給料は上げるべきではないか。」とこういった声があります。もう1つは、「倒産、廃業が続いている。今後さらに、銀行の貸し渋りなどで増えるだろう。当然そうすれば法人税が払えない企業が増える。市の財政も一層大変になるのではないか。そういう状況なのに、先を見ずに今後、今なぜ引き上げるのかが必要なのか。」と市民感情からしても当然納得ができない。さらに、サラリーマンからは「ベースアップはなし、ボーナスもなし、リストラもあると聞くし、倒産するかもしれないといった声も聞かれている。私たちはこうした状況の中で、明日の生活、食べるものも節約しながら生活をしているような厳しい状況のときに、なぜ市長さんたちだけが給料が上がるのですか。当然わからないとこの気持ちが、腹立たしく思っております。」こうした非常に厳しい状況にあるにもかかわらず、答申を受けて、「尊重をする。」この一言で、これを提案をすることについては当然認めることはできない。そういった立場から私はこの54号の議案に対し、当然認められないという立場で討論を終わります。以上です。,議案第54号,議案,反対
sample-00078,愛知県,大府市,平成10年第3回定例会-09月25日-04号,19番議員（村上敏彦）,54号のときに申し上げればよかったんですが、忘れてしまいましたので、54号と同じ理由でもって[STANCE]といたします。以上です。,議案第55号,議案,反対
sample-00079,愛知県,大府市,平成10年第3回定例会-09月25日-04号,26番議員（神谷治男）,私は第4次総合計画基本構想について、市民クラブを代表いたしまして、[STANCE]の立場から討論をさせていただきます。私も本議案の策定審議委員会の1人として参画いたしましたが、その折に、特に感じた点は、策定の過程において、7つのまちづくり委員会をはじめ、市長は市民と直接対応されて市民の考えを把握するため、数多くの市長懇談会の開催をされたり、アンケート調査や専門家の助言など、あらゆる階層から意見を吸い上げられ、市民参加と職員参加によりまとめあげられました。このことについては、特に敬意を表すとともに、関係された皆様に心から御苦労さまと申し上げたいと存じます。さて、21世紀の初頭はどのようになるかを推測いたしますと、今以上に地方分権が進み、地方自治体や、そこに暮らす住民の自己選択、自己決定、自己責任の度合いがますます高まることと存じます。また、少子化、高齢化、情報化等の進展や環境の意識の高まりなど、従来の予想を遥に越える変化が考えられます。今後ますます不透明間の中での地方自治体の運営が強いられることと存じます。先の見通しが非常に困難な時代が到来することと存じますが、これら状況を踏まえて、あいち健康の森、第二東名、中部新国際空港、2005年の日本国際博覧会など、国、県の大型プロジェクト事業が大府市内や、また、あるいは周辺で着実に進展していくことも事実でございます。それらの影響についても、正確に計り得ない状況もございます。このような状況の中に、当大府市は将来に対する指針となるべく第4次総合計画をされたわけでございます。私ども議員としましても、将来の指針を示す新しい方策はまことに心強い限りでございます。国、県の計画を見極めながら、そして、その計画の整合性をとりながら、躍動、ふれあい、健康都市づくりをというテーマで取り上げられました。基本構想では、私ども市民クラブがかねがね申し上げていた本市の課題でございました道路、下水道などの都市基盤整備を中心とした躍動するまちづくり、そして、また市民の共同体制の中で、健康づくりや福祉の推進を目指すふれあいのあるまちづくりが基本構想の目標となっていることは評価をいたすところでございます。また、構想の実現を目指すために、市民参加や広域行政、効率的行政を掲げていること、殊に健康都市の実現のためには、市民、家庭、地域、企業、行政など関係する人々の参加と協力の必要性を上げるとともに、大府市にとどまらず広域的観点、とりわけ知多5市とともに名古屋市、豊明市、刈谷市等とも連携を提起している広域行政については、評価をいたすところでございます。最後に、第4次総合計画は実施にすることを踏まえて、少し要望もさせていただきたいと存じます。それは、基本計画に掲げられました施策をまずは着実に実行されることは当然でございます。そして、どこにも真似のできない健康都市づくりを引き続き推進していただきたいということでございます。また、本構想では将来の自主財源確保への積極的な姿がはっきりと見えていなかったことも少々残念でございます。実施計画策定の折には、その折の日本経済の状況を十分に踏まえた中で、どうか取り組んでいただきたいと思う次第でございます。それとともに、行政改革などをしっかりと遂行し、地方分権時代に対応した優れた自治体づくりを進めることを期待しているわけでございます。このためには、本構想にございましたように、共同の精神で市民、議会、行政がともに計画実現に向けた取り組みを推進されることを願いまして、[STANCE]の討論とさせていただきます。以上です。,議案第63号,議案,賛成
sample-00080,愛知県,大府市,平成10年第3回定例会-09月25日-04号,６番議員（尾関勇夫）,私は親和クラブを代表いたしまして、本案に[STANCE]の立場から討論をさせていただきます。第4次総合計画につきましては、私ども議会も総合計画検討委員会を設置し、検討してまいりましたが、非常に多くの方々の参加と協力の中で策定されたことをまずもって評価するものであります。市内7地域のまちづくり委員会による地域まちづくり計画の策定、各種団体との懇談会や市長と語る地域懇談会などにより広く市民の意見や提案を取り入れられたり、また総合計画審議会や総合計画助言者から専門的な立場で貴重な意見をいただくことにより、職員の手づくりによる総合計画の策定が行われたことは、計画実施の段階でその成果が生かされることと思います。次に、市政を取り巻く環境あるいは当面の課題は、これまでにない状況にあり、本市の進むべき方向を明確に示すための新たな指針が求められているときに、第4次総合計画を策定されることを評価いたします。少子化、高齢化、情報化の進展、環境問題の高まりなど、従来の予想を越える変化への対応や、実行の段階を迎えつつある地方分権に対応できる行政システムづくり、あいち健康の森、第二東名高速道路など、大規模なプロジェクトの確実な進展に対応したまちづくりなどに適切に対応するために、第4次総合計画の策定は時期を得たものと思います。計画の内容につきましては、本市におかれた状況を十分把握され、今述べました課題に対応できる内容となっていることを評価いたします。基本構想では、健康都市の理念により明確にすることにより、まちの将来像を躍動、ふれあい、健康都市と定め、目標期間である平成22年の人口を9万5000とし、計画的な土地利用をはじめとする施策により、躍動する健康都市を目指していること。また、福祉をはじめとする施策により、ふれあいに満ちた健康都市を目指しているところは理想的な目標であると思います。基本計画は28の施策が体系的に整理されており、施策ごとにポイントがまとめられていることもあり、20世紀から21世紀初頭へかけての時代が大きく転換する節目の時期に、本市が進むべき方向が非常にわかりやすくまとめられていると思います。以上、いろいろ申し上げましたが、第4次総合計画は策定方法を含め、全体的に非常に評価できると思います。しかし、重要なことは、この計画をいかに実行していくかにあります。そこで、若干の意見を申し上げます。まず、基本計画に掲げられた施策を着実に実行させることはもとより、特に第3章のまちづくりの方向に掲げられた健康都市づくりのための重要施策を推進していただきたいということ。そして、行政改革など徹底し、効率的、効果的な施策の実施に努めることとともに、地方分権時代に対応したすぐれた自治体づくりを進めることを要望いたします。最後に、市民、議会、行政がともに計画実行に向けた取り組みを推進されることを希望いたしまして、[STANCE]討論といたします。,議案第63号,議案,賛成
sample-00081,愛知県,大府市,平成10年第3回定例会-09月25日-04号,２番議員（浅田光好）,私は第4次総合計画基本構想について、自民クラブを代表いたしまして[STANCE]の立場から討論させていただきます。私は、次に申し上げます4点について、意見を申し上げたいと思います。1点目といたしまして、少子化の進行、環境保全の意識の高まりなど、従来の予想を越える変化への対応や実行の段階を迎えつつある地方分権への対応など、新たな視点によるまちづくりが必要となってきており、これらに対応するための第4次総合計画の策定は、非常にいいことと評価しております。2点目は、市内7地域のまちづくり委員会による地域まちづくり計画の策定、各種団体との懇談会や市長と語る会、地域懇談会などにより、広く市民の意見や提案を取り入れ、これら総合計画の策定が行われたことは今後、計画実施の段階でその成果が大いに生かされることになると評価をいたしております。次に、3点目でございますが、本市におかれた状況を十分把握され、21世紀を展望した中で、進むべき方向を明確に示すための新たな指針として、その役割を基本構想は十分になっていることを評価したいと思います。最後の4点目といたしまして、基本計画の内容でございますが、20世紀末から21世紀初頭にかけての時代が大きく展開する節目の時期に、本市が進むべき方向と具体的施策が市民に対しても非常にわかりやすくまとめられていると思います。以上、いろいろ申し上げてまいりましたが、第4次総合計画は策定方法を含め全体的に非常に評価できると思います。しかしながら、次の点について配慮いただければ大変ありがたいと考えます。まず、人口増加の受け皿づくりとして、土地利用や住宅施策など計画的、総合的に進めるとともに、道路や下水道をはじめとする都市基盤については、より一層整備促進を図る努力をお願いしたいと思います。また、若者も本市に住み、働き、遊びたいと思えるまちにするため、施策を推進していただきたいと思います。最後に、第4次総合計画にある施策は実施するため、国、県の補助金を活用するなど、適切な財政運営を図ることが大切であると考えております。以上、申し上げましたことを計画、実施の段階で配慮していただき、計画実現に向けた取り組みを推進されることを希望いたしまして、[STANCE]討論といたします。以上です。,議案第63号,議案,賛成
sample-00082,愛知県,大府市,平成10年第3回定例会-09月25日-04号,８番議員（金田隆子）,私は第4次総合計画基本構想について、公明を代表いたしまして[STANCE]の立場から討論させていただきます。まず、はじめに第4次大府市総合計画の策定に係わった多くの市民の皆様や関係者の皆様、職員の方々に対しまして、大変多くの時間と労力を重ねられまして、ここまでの成果を得ましたことに心より敬意を表明いたします。第4次大府市総合計画全体を眺めまして、市民参加を重視した計画の策定方法、時代背景をとらえ、21世紀を見据えた指針づくりなど、満足のいく計画となっておりますが、特に私どもの会派が日ごろより主張しております分野を取り上げまして、評価いたしたいと存じます。私どもは一貫して社会的に弱い立場の人々に対して、温かい手を差し伸べる分野に力を注いでまいりました。また、スピードと効率性が要求される社会風潮の中で、供すれば忘れられがちだった分野に光を当ててまいりました。議会においても再三、再四取り上げさせていただきましたように、少子、高齢化の時代とともに、福祉、医療、介護、保健の重要性はますますその重要度を増しております。加えて、環境の分野においても、地球規模の危機感の中で、市民意識の高まりやリサイクル、省資源運動など従来型の生活パターンの見直しが始まっておりますが、廃棄物問題や環境ホルモンなど、社会全体で解決していかなくてはいけない課題が山積みしております。さらに、時代を担う人づくりの面においても、教育現場におけるいじめや不登校といった戸惑い、犯罪の低年齢化や凶暴化などが社会問題となっております。そのような中で、今回の総合計画では、市民の協力やNPOボランティアなどの民間団体、あるいは地域社会や企業も一致団結して課題に取り組み、協力して働くという協働の概念を提示し、困難な時代を乗り切っていく市政を掲げております。まちづくりや人づくりは行政ばかりでなく、幅広く各階、各層の努力によってこそ、はじめて成立することを改めて提示し、皆で21世紀の大府市をすばらしいものにしていこうという熱意が感じられます。今回、まちづくりの大きな柱を2本掲げておられます。都市基盤の整備を中心に、躍動という柱を1本。また、もう1本の柱には、ふれあいといった表現で、私が今申し上げていた事項に重点を置いてまとめられておりますことは非常に評価できると思います。大府市は第1次総合計画より一貫して健康都市を標榜しております。第4次総合計画は人に例えますと、躍動の概念により骨太で丈夫な身体をつくりあげ、ふれあいの概念で心豊かで高潔な人格を持ち合わせた心身ともに理想の人間と言えるでしょう。経済見通しや国や地方の関係など、将来は不透明な状況が続くと思われますが、どうか継続して健康都市の実現に尽力され、計画実施の段階においては市民とともに考え工夫し、困難な課題を1つ1つクリアしながら前進していかれることを要望いたしまして、[STANCE]討論といたします。,議案第63号,議案,賛成
sample-00083,愛知県,大府市,平成10年第4回定例会-12月22日-04号,19番議員（村上敏彦）,議案第79号に対して、[STANCE]の立場で討論を行います。審議の中でも明らかになりましたように、広域連合については全国でもモデル的な扱いになっている。確かに全国では17のですね広域連合が取り組まれておりますけれども、本広域連合のような取り組みというのはここだけだろうというふうに思っております。これについてはいろんな矛盾点もあります。例えば質疑の中でもありましたように、議員定数の根拠が明確ではないこと。あるいは議会がどのように行われるのか、運営についても不明確であると。各市町での議会での取り組み、取り上げることについても、答弁はですね市長答弁があるわけですが、責任あるいは拘束性がないと。また、選ばれた限られた少ない議員のみしか運営に携わることができないなど問題点も多くあります。また、住民にとっても、しあわせ村等の窓口になりますと、非常に遠くなり不便になる点。あるいは施設、サービスに隔たりがある。真に広域連合がよしとする点がまだ明らかにされてないように思われます。いろんな矛盾点はありますので、これからの課題として議論をしてまいりたい。以上でもって[STANCE]といたします。,議案第79号,議案,反対
sample-00084,愛知県,大府市,平成10年第4回定例会-12月22日-04号,16番議員（上西正雄）,広域連合設置について、[STANCE]の立場から討論させていただきます。今回の広域連合設置につきましては、平成12年度からスタートする介護保険に関する事務を本市をはじめとする3市1町で処理することにより、効率化、より高度なサービスを提供しようとするものであります。今、世の中でささやかれていることは、行政と民間との一番違う点は何かであります。民間と行政の違いは重々承知しながらも、民間はいかに効率性を求めながら、収益を上げることにより社会的責任を果たしていくことであり、生き残りをかけた国境を越えた協力、合併を模索しているにもかかわらず、行政は全く無関心でいるといった不信さであると言われております。しかし、時代は大きく変化し、地域住民のニーズの多様化、日常生活における市境を越えた広域化、自治体を取り巻く財政悪化、さらには地方分権時代にふさわしい自治体のあり方等が今問われているときに、現在もっとも求められているのは、各自治体の行財政能力のさらなる向上と効率的な行政体制の整備と確立と言えます。このような観点から、今回の広域連合の設置は、まさに時代を見定めた施策として高く評価されるものであり、3市1町に居住する住民は安心し、安定した介護を受けられる体制整備がなされなければならないことは当然なことであります。広域連合議会の議員数や選挙方法、あるいは負担割合等いろいろと、さまざまな御意見はあることは当然でありますけれども、広域連合議会の運営をより効率的かつ議会の意思を的確に地域住民に伝え知らしめるという観点からすれば、数の問題ではなく議員の資質によるものであり、全国の例を見ても妥当な数であると言えるわけであります。何よりも大切なことは、要介護認定の公平性とスピーディな審査体制の確立であり、既に始まっておりますCATV事業と合わせて広域的に事業を進めることによって、行財政基盤の強化、多様化する住民ニーズに広域的に応えていくために、提案どおり進めていただきたいということを申し述べ、[STANCE]討論といたします。,議案第79号,議案,賛成
sample-00085,愛知県,大府市,平成10年第4回定例会-12月22日-04号,28番議員（山口広文）,本広域連合については、極めてですねいわゆる地方自治運営上、極めて大きなやはり影響が出るというふうに私は認識をするわけであります。地方自治体はですね株式会社ではございません。よりやはり厳しい今からの状況の中でですね、いかに住民の目線で全般のやはり地方行政を行っていくのかは極めて大切であります。ごらんのように、介護保険のですねいわゆる必要性は多くのところが言われているわけでありますけれど、この中身はですね、具体的に中身が明らかになるに従ってですね、逆に大きなやはり不安が出てきておるというのが、介護保険のこの間の経過ではないかと思います。したがってですね、例えば大府市民の側でいきますと、いわゆる大きな欠陥を含んだですね介護保険制度についてですね、やはり大きな疑問とですね、運営上のたくさんのやはり意見が出ることは、これは間違いない事実であろうということは専門家からも多く言われています。したがってですね、効率のみをやはり追求をしてですね、こういった広域連合の考え方というのはですね、いわゆる急いでなぜやらなくてはならないのか、これは理由が明確ではありません。規約の第4条ではですね、いわゆる7項目までそれぞれ事務の範囲について定められていますけれど、いわゆる1番と2番についてはですね、これは広域連合の1つの仕事としては一定の理解ができるわけでありますけれど、いわゆる3番以降についてはですね、当然やはりきめ細かいですねこういった介護に関しますいわゆる福祉の事業についてですね、本来、地方自治体がやはりこれらにですね責任を持つということがですね、より大事ではないかというふうに思っています。いずれにいたしましてもですね、21世紀になっていく中で、いわゆる少子化問題と同時に、こうしたやはり介護問題というのは大きな課題でありまして、住民のやはりいわゆるいろんな声がですね、十分的確に処理ができないとこういった点では大きな疑問点があるわけです。まして、議会もですねこういった点ではですね、介護保険に関してですね市町の議会では、この事務に関しては極めて制限されてくるということになるわけでありまして、何もやはりこれ急いでやる必要ございませんし、いわゆる市の側でもですね、住民の皆さんには形式的な説明はされているわけでありますけれど、実際にやはり個々の市民が、この広域連合の事務取り扱いによってどうなっていくのか十分腹に落ちていません。こういった点でも、やはり多くの疑問がこの関係ではあるわけであります。したがって、言われていますようにですね、人口10万程度ぐらいまではですね、やはり決してデメリットが多いということはないと、これは先進市の例であります。こういったことが言われています。こういった点でですね、本議案については[STANCE]をしかねるということであります。以上です。,議案第79号,議案,反対
sample-00086,愛知県,大府市,平成11年第1回定例会-03月23日-04号,28番議員（山口広文）,担当委員会でいろいろ議論をさせていただいたわけでありますけれども、一つは、今委員長報告にもございましたように、地方団体というのはご覧のように、最少の経費で最大の効果を生もうという、これがやはり原則でありまして、この用地取得につきましては、平成10年度予算の当初から開発公社が取得をするという私どもへの説明や資料はございました。その後、開発公社自身は、言ってみれば大府市が老人保健施設を建設をするということであれば問題ないけれど、いわゆる他の団体に土地を貸し付けまして、それで施設を建設をするという点では、造成、あるいは建設時点から、本来は一般会計の方へ戻るべきが公社としての立場としての意見だ、ということが当初から指摘されておったという話しを実は聞いておりました。事情から、いわゆる資金繰り等の事情ももちろんあったわけでありますけれども、私どもはやはり議会の立場でいきますと、結論ができてからしかものが言えないという、そういう権限がございまして、当然やはり委員長報告にございましたように、いわゆる用地の契約、あるいは支払い行為というのは1月末でありまして、予算をほぼ確定するのは2月の上旬だろうという点でいきますと、やはり全体調整をどこが調整するのか、そういった問題も今回やはり私は出てきたのじゃないかというふうに思います。予算全体でいけば、50万9000円というのは多くないかもわかりませんけれども、さらに効率的に行財政を運営していこうという点では、今回の取得については、より一工夫あってしかるべきだというふうに思うわけでありまして、今後のいろんな事業があるわけですけれど、ぜひこの教訓を生かしていただきたいということを、一言だけ添えまして、[STANCE]討論といたします。以上。,議案第34号「土地の取得について」,議案,賛成
sample-00087,愛知県,大府市,平成11年第1回定例会-03月23日-04号,19番議員（村上敏彦）,公共下水道特別会計予算に[STANCE]の立場で討論を行います。基本的な[STANCE]理由は、日本共産党として、子供から高齢者までのすべての国民に大きな負担を強いて、長引く不況の原因とも言うべき消費税が使用料に課税されている点であります。一つ、二つ意見を申し上げたいと思います。莫大な費用を伴う公共下水道事業について、全国的動きとしては、農業集落排水事業のような狭い地域での取り組み方が資金的にも安く済むなど、この方法が見直され、評価されているとも聞きます。本市の事業は幹線がほぼ進んでいる状況で、当てはまることはありませんけれども、そこで昨年申し上げましたけれども、公共下水道工事区域の効率的な拡大とともに、供用開始地域内の特に集合住宅地域ですね、優先的に水洗化を進め、面整備の拡大を図っていただきたい。もう1点については、供用開始がされる地域の住民からも、当然出されている点でありますけれども、従来から申し上げてきました水洗化改造資金の融資の運営についてであります。高齢者家庭や不況に喘ぐ住民の方から、資金の返済期間を伸ばしてほしい、こういった声はよく聞かれるわけであります。簡単ではないことは従来ずっと努力されている点についても実現できない、こういう実情もよく承知をしておりますけれども、しかし、市民サービスを重点において少しでも利用しやすい制度、月々の資金返済が容易に行えるよう、引き続き市内の金融機関に対して強く働きかけを強めていただきたいことを申し上げまして、討論といたします。,議案第37号,議案,反対
sample-00088,愛知県,大府市,平成11年第4回定例会-12月22日-04号,19番議員（今井美千代）,[STANCE]の立場で討論させていただきます。理由といたしましては、都市計画課の計画係に分掌事務として「新駅及び新駅周辺の土地利用に関すること」と明記されておりますが、新駅に関しては[STANCE]という市民の方の声を、多く私は聞いております。よって、多くの市民の声を無視した計画である新駅に関する分掌事務を取り入れた改正には[STANCE]いたします。また、意見としましては、4年前に設置されました秘書課の研修係が廃止され、人事係に組み込まれますが、職員研修は憲法や地方自治の基本概念をしっかり身につけ、職員が市民と協動して市政を築いていく視点をもち、見識を高め、職員のレベルアップを図るものです。今後も研修に力を入れて、人事係の中でも弾力性をもって実行していただきたいと思います。また、水道部におきましては、初めて配水課と業務課が統合されるわけですが、大きな拡張計画がある中で、課が縮小されることによって支障の出ないよう業務にあたっていただきたいと思います。最後に、組織は人なりと言われます。機能が十分に発揮され、市民サービスの低下にならないよう公正公平な人事を望み、討論を終わります。,議案第70号,議案,反対
sample-00089,愛知県,大府市,平成12年第1回定例会-03月23日-05号,19番議員（今井美千代）,情報公開条例の制定については[STANCE]するものであり、私ども共産党が今まで要求し続けてきた市民の「知る権利」が明記され「開示請求権を何人も」とするところは、多いに評価できるところでありますが、より充実した条例内容となるよう、一定の意見を添えて[STANCE]討論をさせていただきます。まず、市民の「知る権利の尊重」ですが、知る権利の尊重というあいまいな明記ではなく、「知る権利に基づく」という明解な市の姿勢が必要と考えます。まちづくりは市民のためのものです。しかし、今の大府市を見ていますと、残念ながら行政指導型姿勢であり市が持っている情報の多くが市民と共有されていません。情報公開の原則は情報の開示です。市民と市が情報を共有し、市民の知る権利と行政の知らせる義務とが一体となって大府のまちづくりを進めていくための開かれたガラス張りの姿勢が求められています。まちづくりにおいて、市の情報が全ての人に開かれ、市民一人一人が大府市民の一員として住むことに誇りを持ち、考え、行動するための情報公開条例となるよう、市民の知る権利は重ねて申しますが、尊重という中途半端であいまいなものではなく、市民の知る権利に基づくものであるという市の基本的な姿勢を改めて検討するべきであると考えます。また、第7条の不開示情報においても、「協力関係または信頼関係を不当に損なう恐れがあるもの」などという法でも規定していないあいまいで抽象的な条例文は乱用される可能性が高く、原則開示の趣旨に反するものと考えます。また、意思決定の過程における非開示情報に関しても、意思決定の中立性が不当に損なわれる恐れや不当に市民の間に混乱を生じさせる恐れなど、条例文は決定過程が市民に知らされず決定報告のみが公開となる可能性が高く、新たな価値の構築に値する市民の考えや行動を規制するものにつながります。決定過程においても、広く市民に知らされ情報の共有が必要であり、行政の市民への説明責任を放棄し乱用される懸念がぬぐえません。最後に、施行にあたっては情報の開示、非開示が行政の判断で左右されることのないよう職員の認識と市民への対応の徹底を訴え、行政の都合で非開示となる情報が拡大・拡張される要因は取り払い削除すべきであると提案いたしまして、討論といたします。,議案第6号,議案,賛成
sample-00090,愛知県,大府市,平成12年第1回定例会-03月23日-05号,20番議員（村上敏彦）,議案第10号に[STANCE]の討論を行います。議員の期末手当一部改正で支給月数を減少させることについては、社会状況などをかんがみた時評価できるものであります。しかし、支給月数を減少させたにもかかわらず、基礎額の加算割合を20％から45％に引き上げを行うことにより、減額分を低く抑える手法をとったことについては評価することはできません。たとえ国や県がそうであっても加算割合を引き上げていない自治体もあるわけですから、必ずしも加算割合を引き上げて当然ということではなく、報酬月数の1.2ヵ月を堅持し、報酬引き上げを行うという見本を示すべきであるという意見をつけて[STANCE]討論といたします。なお、議案11号、12号についても同様ですので、よろしく取り計らっていただきたいと思います。,議案第10号,議案,反対
sample-00091,愛知県,大府市,平成12年第3回定例会-09月11日-04号,15番議員（浅田光好）,私は自民クラブを代表しまして、議員提出議案第2号「大府市乳児医療費助成に関する条例の一部改正について」、[STANCE]の立場から討論をさせていただきます。経済の低成長時代の今日においても、ここ5年ほどの歳出の目的別を見ますと、市長の市民福祉に対するきめ細かな施策によりまして、民生費は常に総出予算額の約4分の1を確保されておられます。また、福祉医療につきましても、厳しい財政状況にもかかわらず、県の助成カット分をいち早く市民の負担増にならないよう市がそのカット分をカバーするという英断を下さったことはご承知のとおりであります。今回の一部改正案は、乳児医療費の対象年齢を1歳引き上げるものでありますが、その新たな財源として約4000万円が必要と言われて、先程触れました福祉医療費全般で11年度と13年度を見ますと約7800万円の新たな負担増になると目されています。提案者は財源確保として、13年度には2億円近い予算の増収が見込まれるし財政支出の見直しを主な財源と考えておられるようですが、その根拠性は甚だ乏しく理解しがたいものであります。この乳児医療費拡大案について、当事者からは良いことだと思われるでしょうが、市が乳幼児を抱えておられる方々に福祉施策全般が他市より劣っているのであれば一つの施策と考えられますが、他市より一歩先んじたものとなっていることは提案者もご承知のことと思います。また、乳児医療を重すれば人口増につながるとも説明されましたが、私はそうではなく、総合的に住みたくなるようなまちづくりが若い人々に魅力を持っていただくことになり、ひいては安心して子を産み育てると思われるのではないかと考えます。よって、提案者の財源確保策及び一施策を取り上げての人口策、バランスを考慮した財政運営については根拠が乏しく時期尚早ということで[STANCE]の討論といたします。,議案第2号「大府市乳児医療費助成に関する条例の一部改正について」,議案,反対
sample-00092,愛知県,大府市,平成12年第3回定例会-09月11日-04号,21番議員（山口広文）,本議案提案については是非ですね、議会の皆さんが可決をしていただきたい。こういった立場で委員長報告に[STANCE]の討論をするわけであります。まずですね、本論に入る前に、是非この議場で申し上げておきたいのは、地方分権が今、言われています。とりわけやはり過去のですね、地方自治、地方議会におけます議員の側のですね、政策提言が非常に全国的にも少ないと、こういったことからですね、本年4月より地方自治法改正され、提案権は12分の1を超えれば可能だということでですね、より活発なやはり市民ニーズをバックに議会の側から議案の提案をどんどんしてほしい、こういったやはり活性化の提言がですね、されたのはご存じのとおりであります。こういった点で、政策問題でこの大府市議会史上、初めてやはりこうした政策議案提案がされたというのは私は高く評価をし、議員の多くの皆さんがこのことを境にですね、今後やはり政策的にも強くなろう、こういったやはり議員活動を是非発展していただきたいと、このことを切にお願いしたいわけであります。さて、本条例の改正提案につきましてですね、いろいろ議論ございました。それぞれの角度から議論がされましたことは大変やはり有意義だというふうに思っているわけでありますけれど、まずこの乳幼児医療費の無料制度の経過を見てまいりますと、ご覧のように議会の皆さん自身が、私どもも紹介議員になりながらこの間数度となく請願を行った経過はご承知のとおりであります。例えば昨年のですね、この時期に提出されました請願で、小学校入学前までの乳幼児の医療費の拡大についての請願、これをしてほしいというこういった議案が議題となりましたけれど、議会の他の会派の皆さんは、趣旨は大変良くわかると。しかし、財源的な問題で一挙にこれを小学校入学前まで広げたことは1億を超えるやはり財政支出がかかるということから段階的にやったらどうだと、こういった議会の皆さんの意見はつい最近のことであります。今回の議会の委員会におけます討論や今のいわゆる[STANCE]者の討論を聞いてみますと、政治家として、市民の代表として、極めてその一貫性のなさがこの討論の中でも明らかになってくるではないでしょうか。やはり自らの意見はきちんと通していただきたい。なお、この1年間で大府市の財政状況が急速に変化したかどうか、このことがあるならばその根拠をですね、財政が厳しいということから一つの根拠になりますけれど、決してそういう状況でないのは議員の皆さん自身がご承知のとおりであります。また、委員会におけます、例えば名古屋市の所得制限を設けて対象者を狭めていくというこうしたことについても一定議論があったわけでありますけれど、むしろこうしたやはり都市間の政策上の違いを大府市が先んじて示し、そして子育てをどんどん広げていくというこうした姿勢を県下の若い世代の方々に示す絶好の機会ではないかと私は特に痛切に感じるわけでありまして、この制度を是非実施すべきだと思ってます。そして、言われています財政問題でありますけれど、多くは語りません。一般にですね、経常収支比率が100％を超えておれば、いわゆる政策的なやはり新たな展開という意味では大変難しいというのはご承知のとおりでありますけれど、大府市の財政状況は確かにこの間悪くなっていますけれど、しかし、政策的経費を使えるというのは十分ございます。他の議員の皆さんは、例えば今度の議会でもあるいは議会検討協議会でも、海外視察問題について触れている中で、私どもが中止をすべきではないかという議論を展開いたしますと、大府市は全国7百数十団体の市の中で77団体がいわゆる地方交付税の不交付団体だから大府市は豊かですよと自負をされているんです。こうしたやはり使い分けをですね、大変矛盾をもった発言をするという点については、当然やはり私は異論を唱えるものであります。是非大府市の市民の皆さんが県下に誇れるこうしたまちづくりの施策、しかも住民の中からこの声が上がっています。是非可決をしていただきますよう申し上げて、討論といたします。以上です。,議案第2号「大府市乳児医療費助成に関する条例の一部改正について」,議案,賛成
sample-00093,愛知県,大府市,平成12年第3回定例会-09月11日-04号,１番議員（上西正雄）,委員長報告に[STANCE]、今回提出されました条例に[STANCE]できないとの立場から、考え方と予算面から討論に参加をさせていただきたいというふうに思います。乳児医療費助成に関する条例改正につきましては、この項目1点で論ずることは非常に難しいというふうに思っております。福祉関連、少子化対策全体でこの乳児医療費がどのような役割を果たし、今後の市民の求める方向性を見きわめていくかが必要であると言えます。まさしく総合判断の中から必要論を展開することが望ましいと考えるからであります。また、民生費の堅実な伸びは、全予算に占める割合から見ましても大府市の予算の特徴を示しておりまして、これまで私ども市民クラブは、予算につきましては一部要望を含めながらも[STANCE]をしてきたところでございます。予算という同一パイを目的別にどう分配していくかは、その時代を先取りした市民の代表であります私ども議員の責務であり市民ニーズの反映でもあります。そこで、平成8年度の予算の中で民生費の占める割合は21.2％でトップでありました。この時の財政力指数は1.11、公債費比率9.7％でした。直近の平成10年度の民生費の比率は21.1％、財政力指数1.12、公債費比率9.4で、平成11年度では民生費比率21.5％で財政力指数1.08、公債費比率が9.9％となっております。このような財政基準を背景に、ここで民生費の伸びを見てみますと、10年度と11年度では17.5％の伸びであります。先程言いました民生費がトップの8年度から11年度までの伸びを見ますと25.0％の伸びを示しているところでございます。このことはまさしく時代のニーズ、市民ニーズを的確にとらえた予算編成になっていることを顕著にあらわしているものと言えます。さらに、これまでの議論の中で乳児医療費を1歳上げることによって約4000万の増となるとのことでございましたが、先程も申し上げましたとおり、多くの要求に応えるバランス論と厳しさを増す財政を真剣に考える時に、何を削って予算を確保していくといった議論を大切にしなければこの議論は片落ちとなり成立しません。このような判断から、今回提出されました条例改正に対しまして、[STANCE]しかねるとの判断をさせていただき、討論を終わります。以上。,議案第2号「大府市乳児医療費助成に関する条例の一部改正について」,議案,反対
sample-00094,愛知県,大府市,平成12年第3回定例会-09月11日-04号,20番議員（村上敏彦）,委員長報告に[STANCE]の立場で討論をさせていただきます。いろいろと委員長報告に[STANCE]の諸君のですね、議論を聞いていますと、山口議員から指摘された問題がほとんどこれを撃破するような内容になっていない。特に最後に市民クラブから言われました財政指数だとかあるいは民生費の伸びについては、特に民生費については扶助料等でですね、それを受給される方々が増えてきた。それに伴う自然増も含まれているわけであって、新しい施策を取り入れた中でこれだけ増やしてきたと、こういった点がどこまでつかんでおられるのか。ただ数字的に上げられて民生費が伸びたということだけでは、まことにこれは財政そのものをきちっと把握されてない証拠であるというふうに思います。やはりこうした点から、皆さん方が本当にこういった施策を取り上げる際に、今、何が市民にとって優先すべきなのか。そしてこういった受給者、あるいはその対象者になられる方がどれだけ増えてきてどれだけの予算が必要なのか。さらに新しい施策を遂行するにあたっては、どれだけのお金が必要なのか。このお金の使い方については何を優先してこれを取り組んでいくのか。こういった施策が求められていると思います。そうした点からも、委員長報告は残念ながらこういった結果が出てますけども、私はさらにこの中で乳児医療費の拡大を推し進めていただきたいということを付け加えて討論といたします。,議案第2号「大府市乳児医療費助成に関する条例の一部改正について」,議案,賛成
sample-00095,愛知県,大府市,平成12年第4回定例会-12月22日-04号,８番議員（今井美千代）,議案91号「大府市交通災害共済条例の廃止について」、[STANCE]の立場で討論いたします。この大府市交通災害共済は、1日1円共済として年間掛金が一般360円、70歳以上・中学生以下・心身障害者は240円、生活保護世帯は無料で、27年間市民サービスの一環として、また交通災害に対する啓蒙の使命を含み、広く市民に親しまれてきました。本年度加入率は56.08％と、まだまだ市民の過半数を超えており、全体的な加入率の低下はあるものの、逆に70歳以上の方の加入者数は昨年11年度よりも113人も増えており、生活保護世帯の加入者も25人増と、年々増加しているのが実情です。また、昨年度は245件の受給実績もあり、市民の交通災害時の補償に大きく貢献しています。私ども共産党議員が調査したところ、「加入者に何の相談もなく市の都合で一方的に廃止するのは納得できない」「障害者の弟が交通事故に遭って、この共済のおかげで入院費が非常に助かった」「来年1月からは高齢者の医療費負担が1割に増える中、年間240円で入れるこの共済までなくすとは一体どういうことか。負担ばかり増えてお先は真っ暗だ」などの多くの加入者からの共済が廃止されることへの不安の声が出てまいりました。このことからも、安い掛金で最高100万円の補償が受けられる共済を打ち切ることは、市民サービスの低下はもとより福祉の切り捨てとも言えるものです。よって、市民福祉の低下を招く大府市交通災害共済の廃止は[STANCE]として討論いたします。,議案第91号,議案,反対